company,productname,type,package,volumeml,country,boycott,certificate,barcode
"한국코카콜라(유), 코카-콜라음료(주)",코카-콜라,탄산음료,캔,350,대한민국,회사,,8801094017200
"한국코카콜라(유), 코카-콜라음료(주)",코카-콜라,탄산음료,패트,500,대한민국,회사,,8801094017606
"한국코카콜라(유), 코카-콜라음료(주)",코카-콜라,탄산음료,패트,1800,대한민국,회사,,8801094012007
"한국코카콜라(유), 코카-콜라음료(주)",코카-콜라,탄산음료,패트,370*6,대한민국,회사,,8801094012632
"한국코카콜라(유), 코카-콜라음료(주)",코카-콜라,탄산음료,캔,250*6,대한민국,회사,,8801094013035
"한국코카콜라(유), 코카-콜라음료(주)",코카-콜라,탄산음료,캔,215*6,대한민국,회사,,8801094593025
"한국코카콜라(유), 코카-콜라음료(주)",코카-콜라,탄산음료,캔,215*30,대한민국,회사,,8801094595098
"한국코카콜라(유), 코카-콜라음료(주)",코카-콜라 제로,탄산음료,패트,500,대한민국,회사,,8801094082604
"한국코카콜라(유), 코카-콜라음료(주)",코카-콜라 제로,탄산음료,패트,1500,대한민국,회사,,8801094082406
"한국코카콜라(유), 코카-콜라음료(주)",코카-콜라 제로,탄산음료,패트,1800,대한민국,회사,,8801094082086
"한국코카콜라(유), 코카-콜라음료(주)",코카-콜라 제로,탄산음료,패트,370*6,대한민국,회사,,8801094082642
"한국코카콜라(유), 코카-콜라음료(주)",코카-콜라 제로,탄산음료,캔,215*6,대한민국,회사,,8801094083830
"한국코카콜라(유), 코카-콜라음료(주)",코카-콜라 제로 레몬​,탄산음료,패트,500,대한민국,회사,,8801094062675
"한국코카콜라(유), 코카-콜라음료(주)",코카-콜라 제로 레몬​,탄산음료,패트,1500,대한민국,회사,,8801094062460
"한국코카콜라(유), 코카-콜라음료(주)",스프라이트,탄산음료,패트,500,대한민국,회사,,8801094202606
"한국코카콜라(유), 코카-콜라음료(주)",스프라이트,탄산음료,캔,215*6,대한민국,회사,,8801094200039
"한국코카콜라(유), 코카-콜라음료(주)",스프라이트,탄산음료,패트,1000,대한민국,회사,,8801094202804
"한국코카콜라(유), 코카-콜라음료(주)",스프라이트 제로,탄산음료,패트,1500,대한민국,회사,,8801094962852
"한국코카콜라(유), 코카-콜라음료(주)",스프라이트 제로,탄산음료,패트,1800,대한민국,회사,,8801094962418
"한국코카콜라(유), 코카-콜라음료(주)",환타 오렌지향,탄산음료,패트,500,대한민국,회사,,8801094112707
"한국코카콜라(유), 코카-콜라음료(주)",환타 오렌지향,탄산음료,패트,1500,대한민국,회사,,8801094112400
"한국코카콜라(유), 코카-콜라음료(주)",환타 오렌지향,탄산음료,캔,215*6,대한민국,회사,,8801094110017
"한국코카콜라(유), 코카-콜라음료(주)",환타 파인애플향,탄산음료,패트,1500,대한민국,회사,,8801094132408
"한국코카콜라(유), 코카-콜라음료(주), 케이에프음료(주)",환타 제로 포도향,탄산음료,캔,355*6,대한민국,회사,,8801094253059
"한국코카콜라(유), 코카-콜라음료(주)",환타 제로 파인애플향,탄산음료,패트,1500,대한민국,회사,,8801094262433
"한국코카콜라(유), 코카-콜라음료(주), 케이에프음료(주)",환타 제로 파인애플향,탄산음료,캔,355*6,대한민국,회사,,8801094263232
"한국코카콜라(유), 코카-콜라음료(주)",환타 밀크소다,탄산음료,패트,1500,대한민국,회사,,8801094252403
"한국코카콜라(유), 코카-콜라음료(주)",씨그램 레몬,탄산음료,패트,350*6,대한민국,회사,,8801094989231
"한국코카콜라(유), 코카-콜라음료(주)",씨그램 플레인,탄산음료,패트,350*6,대한민국,회사,,8801094984137
"한국코카콜라(유), 코카-콜라음료(주)",씨그램 라임,탄산음료,패트,350*6,대한민국,회사,,8801094985233
"한국코카콜라(유), 코카-콜라음료(주)",씨그램 레몬,탄산음료,패트,350*12,대한민국,회사,,8801094989255
"한국코카콜라(유), 코카-콜라음료(주)",씨그램 라임,탄산음료,패트,350*12,대한민국,회사,,8801094985257
"롯데칠성음료(주), SCHWEPPES INTERNATIONAL LIMITED",오랑지나,탄산음료,패트,420,대한민국,NOT,,8801056094775
롯데칠성음료(주),마운틴듀,탄산음료,캔,355,대한민국,NOT,,8801056716011
롯데칠성음료(주),트레비 플레인,탄산음료,패트,300,대한민국,NOT,,8801056093815
롯데칠성음료(주),트레비 플레인,탄산음료,패트,500,대한민국,NOT,,8801056069476
롯데칠성음료(주),트레비 플레인,탄산음료,패트,1200,대한민국,NOT,,8801056055240
롯데칠성음료(주),트레비 플레인,탄산음료,패트,300*20,대한민국,NOT,,8801056093822
롯데칠성음료(주),트레비 레몬향,탄산음료,패트,500,대한민국,NOT,,8801056055202
롯데칠성음료(주),트레비 레몬향,탄산음료,패트,300*20,대한민국,NOT,,8801056096908
롯데칠성음료(주),트레비 자몽향,탄산음료,패트,300,대한민국,NOT,,8801056086190
롯데칠성음료(주),트레비 자몽향,탄산음료,패트,300*20,대한민국,NOT,,8801056086206
롯데칠성음료(주),트레비 레몬향,탄산음료,캔,355*6,대한민국,NOT,,8801056055295
롯데칠성음료(주),트레비 라임향,탄산음료,패트,500,대한민국,NOT,,8801056055189
롯데칠성음료(주),트레비 라임향,탄산음료,캔,355*6,대한민국,NOT,,8801056055707
롯데칠성음료(주),트레비 라임향,탄산음료,패트,300*20,대한민국,NOT,,8801056084660
"롯데칠성음료(주), 펩시코(주)",펩시콜라,탄산음료,캔,355,대한민국,회사,,8801056150013
"롯데칠성음료(주), 펩시코(주)",펩시콜라,탄산음료,패트,1500,대한민국,회사,,8801056195014
"롯데칠성음료(주), 펩시코(주)",펩시콜라,탄산음료,캔,190*6,대한민국,회사,,8801056028862
"롯데칠성음료(주), 펩시코(주)",펩시 제로 라임,탄산음료,캔,355,대한민국,회사,,8801056175900
롯데칠성음료(주),밀키스,탄산음료,패트,500,대한민국,NOT,,8801056755010
롯데칠성음료(주),밀키스,탄산음료,패트,1500,대한민국,NOT,,8801056201012
롯데칠성음료(주),밀키스,탄산음료,캔,190,대한민국,NOT,,8801056091309
롯데칠성음료(주),밀키스,탄산음료,캔,190*6,대한민국,NOT,,8801056091316
롯데칠성음료(주),밀키스,탄산음료,캔,340,대한민국,NOT,,8801056043551
롯데칠성음료(주),밀키스 제로,탄산음료,캔,250,대한민국,NOT,,8801056233204
롯데칠성음료(주),칠성사이다,탄산음료,캔,355,대한민국,NOT,,8801056040925
롯데칠성음료(주),칠성사이다,탄산음료,패트,500,대한민국,NOT,,8801056192013
롯데칠성음료(주),칠성사이다,탄산음료,패트,1250,대한민국,NOT,,8801056190019
롯데칠성음료(주),칠성사이다,탄산음료,캔,190,대한민국,NOT,,8801056028886
롯데칠성음료(주),칠성사이다,탄산음료,캔,190*6,대한민국,NOT,,8801056028893
롯데칠성음료(주),칠성사이다,탄산음료,캔,250,대한민국,NOT,,8801056143015
롯데칠성음료(주),칠성사이다,탄산음료,캔,250*6,대한민국,NOT,,8801056143060
롯데칠성음료(주),칠성사이다,탄산음료,캔,190*30,대한민국,NOT,,8801056097202
롯데칠성음료(주),칠성사이다 플러스,탄산음료,패트,500,대한민국,NOT,,8801056227708
롯데칠성음료(주),칠성사이다 제로,탄산음료,패트,1250,대한민국,NOT,,8801056235987
롯데칠성음료(주),탐스 제로 파인애플향,탄산음료,캔,355,대한민국,NOT,,8801056231682
롯데칠성음료(주),탐스 제로 레몬향,탄산음료,패트,500,대한민국,NOT,,8801056229320
롯데칠성음료(주),탐스 제로 오렌지향,탄산음료,패트,500,대한민국,NOT,,8801056229290
롯데칠성음료(주),탐스 제로 오렌지향,탄산음료,패트,1500,대한민국,NOT,,8801056230364
롯데칠성음료(주),탐스 제로 사과앤 키위향,탄산음료,패트,500,대한민국,NOT,,8801056229351
롯데칠성음료(주),탐스 제로 사과앤 키위향,탄산음료,패트,1500,대한민국,NOT,,8801056230302
"한국코카콜라(유), 코카-콜라음료(주)",갈배 사이다 제로,탄산음료,패트,1500,대한민국,회사,,8801105916645
"해태에이치티비(주), 오케이에프음료(주)",갈배사이다,탄산음료,패트,1500,대한민국,NOT,,8801105915426
"해태에이치티비(주), 오케이에프음료(주)",갈배 사이다 제로,탄산음료,패트,1500,대한민국,NOT,,8801105916645
(주)농심,웰치스 웰치 그레이프맛,탄산음료,캔,355,대한민국,NOT,,8801043450690
(주)농심,웰치스 웰치 그레이프맛,탄산음료,캔,355*6,대한민국,NOT,,8801043650632
(주)농심,웰치스 웰치 오렌지맛,탄산음료,캔,355,대한민국,NOT,,8801043059312
(주)농심,웰치스 웰치 오렌지맛,탄산음료,캔,355*6,대한민국,NOT,,8801043059367
(주)농심,웰치스 웰치 화이트그레이프맛,탄산음료,캔,355,대한민국,NOT,,8801043650625
(주)농심,웰치스 웰치 화이트그레이프맛,탄산음료,캔,355*6,대한민국,NOT,,8801043005425
(주)농심,웰치스 웰치 제로 그레이프맛,탄산음료,패트,1500,대한민국,NOT,,8801043067225
(주)농심,웰치스 웰치 제로 오렌지맛,탄산음료,캔,355,대한민국,NOT,,8801043064118
(주)농심,웰치스 웰치 제로 오렌지맛,탄산음료,캔,355*6,대한민국,NOT,,8801043064132
(주)농심,웰치스 웰치 제로 오렌지맛,탄산음료,패트,1500,대한민국,NOT,,8801043067256
(주)농심,웰치스 웰치 제로 샤인머스캣맛,탄산음료,패트,500,대한민국,NOT,,8801043068147
(주)농심,웰치스 웰치 제로 샤인머스캣맛,탄산음료,캔,355,대한민국,NOT,,8801043067706
(주)농심,웰치스 웰치 제로 샤인머스캣맛,탄산음료,캔,355*6,대한민국,NOT,,8801043067720
"(주)티젠농업회사법인, (주)삼양패키징광혜원공장",티젠 콤부차 스파클링 티 레몬,탄산음료,패트,340,대한민국,NOT,,8809685981039
"(주)티젠농업회사법인, (주)삼양패키징광혜원공장",티젠 콤부차 스파클링 티 피치맛,탄산음료,패트,340,대한민국,NOT,,8809685981046
"홈플러스(주), (주)일화초정공장",Homeplus Signature 콜라,탄산음료,패트,1500,대한민국,NOT,,8801223010263
"홈플러스(주), (주)일화초정공장",Homeplus Signature 콜라,탄산음료,캔,350*6,대한민국,NOT,,8801223010300
"홈플러스(주), (주)일화초정공장",Homeplus Signature 제로 콜라,탄산음료,캔,350*6,대한민국,NOT,,8801223011383
"홈플러스(주), (주)일화초정공장",Homeplus Signature 사이다,탄산음료,패트,1500,대한민국,NOT,,8801223010287
홈플러스(주),Homeplus Signature 무라벨 스파클링 워터 플레인,탄산음료,패트,500*20,대한민국,NOT,,18809713912797
홈플러스(주),Homeplus Signature 무라벨 스파클링 워터 라임,탄산음료,패트,500*20,대한민국,NOT,,18809713912780
홈플러스(주),Homeplus Signature 무라벨 스파클링 워터 샤인머스캣,탄산음료,패트,500*20,대한민국,NOT,,18809713914203
(주)일화초정공장,일화 맥콜 제로,탄산음료,패트,1250,대한민국,NOT,,8801223007935
(주)일화초정공장,일화 맥콜 제로,탄산음료,패트,1500,대한민국,NOT,,8801223012762
(주)일화초정공장,일화 맥콜 제로,탄산음료,캔,250,대한민국,NOT,,8801223100254
(주)일화초정공장,천연사이다,탄산음료,캔,350,대한민국,NOT,,8801223007478
(주)일화초정공장,천연사이다,탄산음료,패트,1500,대한민국,NOT,,8801223104306
(주)일화초정공장,천연사이다 제로,탄산음료,패트,1500,대한민국,NOT,,8801223013004
(주)일화초정공장,초정탄산수,탄산음료,패트,500,대한민국,NOT,,8801223100179
(주)일화초정공장,초정탄산수,탄산음료,패트,1500,대한민국,NOT,,8801223100223
(주)일화초정공장,초정탄산수라임,탄산음료,패트,500,대한민국,NOT,,8801223002176
(주)동아오츠카,나랑드사이다 제로,탄산음료,캔,250,대한민국,NOT,,8801097136519
(주)동아오츠카,나랑드사이다 제로,탄산음료,패트,500,대한민국,NOT,,8801097235632
BUNDABERG BREWED DRINKS PTY LTD,분다버그 핑크 그레이프프루트,탄산음료,유리,375,대한민국,NOT,,9311493003081
BUNDABERG BREWED DRINKS PTY LTD,분다버그 레몬 라임 앤 비터스,탄산음료,유리,375,대한민국,NOT,,9311493003043
"한국코카콜라(유), 코카-콜라음료(주)",암바사,탄산음료,캔,355,대한민국,회사,,8801094253103
NESTLE WATERS SUPPLY SUD,페리에 레몬,탄산음료,유리,330,프랑스,"회사, 나라",,7613033131585
"비알코리아(주), 오케이에프음료(주)",DUNKIN SPARKLING ZERO,탄산음료,캔,350,대한민국,NOT,,8809288634936
해태에이치티비(주),포도봉봉,탄산음료,캔,340,대한민국,NOT,,8801105911299
샤인머스캣 스파클링,천지개벽(주),탄산음료,캔,350,대한민국,NOT,,8809329050510
"(주)상일, (주)이그니스",클룹 제로소다 복숭아,탄산음료,캔,500,대한민국,NOT,,8809495075485
(유)삼각에프엠씨웰빙랜드,클룹 제로소다 포도,탄산음료,캔,500,대한민국,NOT,,8809495075478
"(주)상일, (주)이그니스",클룹 제로소다 청사과,탄산음료,캔,500,대한민국,NOT,,8809495076482
(주)천지개벽,제주한라봉 스파클링,탄산음료,캔,355,대한민국,NOT,,8809329050473
하이트진로(주),HITE MANGO LINGO,주류,캔,355,대한민국,NOT,,8801119025111
하이트진로(주),이슬톡톡,주류,캔,355,대한민국,NOT,,8801048311002
"매일헬스뉴트리션(주), (주)삼양패키징",셀렉스 프로핏 웨이프로틴 청포도 스파클링,탄산음료,패트,335,대한민국,NOT,,8809846900404
동아오츠카(주),데미소다   애플,탄산음료,캔,250,대한민국,NOT,비건,8801097160064
"(주)프로엠홀딩스, 오케이에프음료(주)",브이톡 팡크복숭아에이드,탄산음료,패트,350,대한민국,NOT,,8809344667007
"(주)프로엠홀딩스, 오케이에프음료(주)",브이톡 제로 레몬에이드,탄산음료,패트,350,대한민국,NOT,,8809344669124
"한국코카콜라(유), 코카-콜라음료(주)",미닛메이드 오리지널 오렌지,주스,패트,1500,대한민국,회사,,8801094842406
"한국코카콜라(유), 코카-콜라음료(주)",미닛메이드 에센셜 오렌지,주스,패트,1500,대한민국,회사,,8801094842406
"한국코카콜라(유), 코카-콜라음료(주)",미닛메이드 오리지널 포도,주스,패트,1500,대한민국,회사,,8801094262303
"한국코카콜라(유), 코카-콜라음료(주)",미닛메이드 포도,주스,패트,1500,대한민국,회사,,8801094852405
"한국코카콜라(유), 코카-콜라음료(주)",미닛메이드 제주감귤,주스,패트,1500,대한민국,회사,,8801094622305
"한국코카콜라(유), 코카-콜라음료(주)",미닛메이드 알로에,혼합음료,패트,1500,대한민국,회사,,8801094432409
"한국코카콜라(유), 코카-콜라음료(주)",미닛메이드 망고,주스,패트,1500,대한민국,회사,,8801094292409
"한국코카콜라(유), 코카-콜라음료(주)",미닛메이드 토마토,주스,패트,1500,대한민국,회사,,8801094332402
"한국코카콜라(유), 코카-콜라음료(주), 해태htb(주)",미닛메이드 레몬에이드,주스,패트,1500,대한민국,회사,,8801105908626
"한국코카콜라(유), 코카-콜라음료(주)",미닛메이드 조이 오렌지,주스,종이팩,195*4,대한민국,회사,,8801094914028
"한국코카콜라(유), 코카-콜라음료(주)",미닛메이드 조이 사과,주스,종이팩,195*4,대한민국,회사,,8801094932121
롯데칠성음료(주),델몬트 오렌지,주스,패트,400,대한민국,NOT,,8801056071226
롯데칠성음료(주),델몬트 오렌지,주스,패트,1800,대한민국,NOT,,8801056237875
롯데칠성음료(주),델몬트 망고,주스,패트,1800,대한민국,NOT,,8801056064174
롯데칠성음료(주),델몬트 포도,주스,패트,400,대한민국,NOT,,8801056071240
롯데칠성음료(주),델몬트 포도,주스,패트,1800,대한민국,NOT,,8801056237899
롯데칠성음료(주),델몬트 알로에,혼합음료,패트,1500,대한민국,NOT,,8801056022150
롯데칠성음료(주),델몬트 매실,주스,패트,1500,대한민국,NOT,,8801056022242
롯데칠성음료(주),델몬트 팜앤홈 망고,주스,패트,1200,대한민국,NOT,,8801056237851
롯데칠성음료(주),델몬트 팜앤홈 망고,주스,패트,1200,대한민국,NOT,,8801056089061
롯데칠성음료(주),델몬트 팜앤홈 제주감귤,주스,패트,1200,대한민국,NOT,,8801056098117
롯데칠성음료(주),제주사랑 감귤사랑,주스,패트,1800,대한민국,NOT,,8801056064112
(주)웅진식품,복숭아농장,주스,패트,1500,대한민국,NOT,,8801861150062
(주)웅진식품,사과농장,주스,패트,1500,대한민국,NOT,,8801861220604
(주)웅진식품,자연은 망고,주스,패트,1500,대한민국,NOT,,8801382137900
(주)웅진식품,토마토농장,주스,패트,1500,대한민국,NOT,,8801382150190
(주)웅진식품,제주당근농장,주스,패트,1500,대한민국,NOT,,8801861130118
(주)웅진식품,초록매실,주스,패트,1500,대한민국,NOT,,8801382149699
(주)웅진식품,자연은 샤인머스캣,주스,패트,1500,대한민국,NOT,,8801382149286
(주)웅진식품,자연은 배,주스,패트,1500,대한민국,NOT,,8801382144236
(주)웅진식품,정성담은 사과,주스,패트,1000,대한민국,NOT,,8801382146940
해태htb(주),갈아만든 배,주스,패트,1000,대한민국,NOT,,8801105915068
"SAPPE PUBLIC COMPANY LIMITED, (주)위스트",모구모구 요거트맛,주스,패트,320,태국,NOT,할랄,8850389109229
"SAPPE PUBLIC COMPANY LIMITED, (주)위스트",모구모구 레몬맛,주스,패트,320,태국,NOT,할랄,8850389109236
"SAPPE PUBLIC COMPANY LIMITED, (주)위스트",모구모구 포도맛,주스,패트,320,태국,NOT,할랄,8850389106235
"SAPPE PUBLIC COMPANY LIMITED, (주)위스트",모구모구 딸기맛,주스,패트,320,태국,NOT,할랄,8850389100691
"SAPPE PUBLIC COMPANY LIMITED, (주)위스트",모구모구 자몽맛,주스,패트,320,태국,NOT,할랄,8850389115237
"SAPPE PUBLIC COMPANY LIMITED, (주)위스트",모구모구 파인애플맛,주스,패트,320,태국,NOT,할랄,8850389106259
"SAPPE PUBLIC COMPANY LIMITED, (주)위스트",모구모구 망고맛,주스,패트,320,태국,NOT,할랄,8850389100769
"SAPPE PUBLIC COMPANY LIMITED, (주)위스트",모구모구 사과맛,주스,패트,320,태국,NOT,할랄,8850389105399
"SAPPE PUBLIC COMPANY LIMITED, (주)위스트",모구모구 리치맛,주스,패트,320,태국,NOT,할랄,88500389106211
"SAPPE PUBLIC COMPANY LIMITED, (주)위스트",모구모구 복숭아맛,주스,패트,320,태국,NOT,할랄,8850389106280
"SAPPE PUBLIC COMPANY LIMITED, (주)위스트",모구모구 복숭아맛,주스,패트,1000,태국,NOT,할랄,8850389116357
(주)테일러팜스,테일러 푸룬주스,주스,패트,1890,대한민국,NOT,,8809170543100
"OCEAN SPRAY CRANBARRIES INC., (주)동서",오션스프레이 루비 레드 자몽 드링크,주스,패트,1890,미국,나라,,31200016300
"OCEAN SPRAY CRANBARRIES INC., (주)동서",오션스프레이 크랜베리 클래식,주스,패트,1890,미국,나라,,31200016294
"홈플러스(주), (주)자임 에프앤비",물 한방울 섞지 않은 ABC주스,주스,유리,1000,대한민국,NOT,,8809396444250
"홈플러스(주), (주)자임 에프앤비",물 한방울 섞지 않은 석류,주스,유리,1000,대한민국,NOT,,8809396444267
"홈플러스(주), (주)자임 에프앤비",물 한방울 섞지 않은 사과앤당근,주스,유리,1000,대한민국,NOT,,8809396444281
"홈플러스(주), (주)자임 에프앤비",물 한방울 섞지 않은 블루베리앤포도,주스,유리,1000,대한민국,NOT,,8809396444274
"CHABAA BANGKOK CO. LTD., (주)나투라스",차바 발렌시아오렌지주스,주스,종이팩,1000,태국,NOT,,8854761240111
J.GARCIA CARRION(JGC),DON SIMON MANZANA,주스,종이팩,1000,스페인,NOT,,8410261611112
J.GARCIA CARRION(JGC),DON SIMON UVA MOSCATEL,주스,종이팩,1000,스페인,NOT,,8410261611020
J.GARCIA CARRION(JGC),DON SIMON ORANGE JUICE,주스,종이팩,1000,스페인,NOT,,8410261608112
TIPCO F&B CO. LTD.,팁코 쇼군 오렌지 주스,주스,종이팩,1000,태국,NOT,할랄,8851013791490
TIPCO F&B CO. LTD.,팁코 코코넛워터,주스,종이팩,1000,태국,NOT,할랄,8851013764494
TAVEEPHOL PRODUCT CO. LTD.,쿠쿠루 리치맛,주스,패트,280,태국,NOT,,8850624230824
TAVEEPHOL PRODUCT CO. LTD.,쿠쿠루 복숭아맛,주스,패트,280,태국,NOT,,8850624230909
TAVEEPHOL PRODUCT CO. LTD.,쿠쿠루 요거트맛,주스,패트,280,태국,NOT,,8850624230787
ROYAL PLUS PUBLIC COMPANY LIMITED,웰 바질시드 드링크 망고향,주스,유리,290,태국,NOT,,8850534108534
ROYAL PLUS PUBLIC COMPANY LIMITED,웰 바질시드 드링크 리치향,주스,유리,290,태국,NOT,,8850534108527
HC(THAILAND) CO. LTD.,미스터초이스 코코넛밀크 오리지널 위드 나타데코코,주스,유리,290,태국,NOT,,8859032700646
HC(THAILAND) CO. LTD.,미스터초이스 코코넛밀크 바나나향 위드 나타데코코,주스,유리,290,태국,NOT,,8859032700639
HC(THAILAND) CO. LTD.,미스터초이스 코코넛워터 위드 펄프,주스,유리,290,태국,NOT,,8859032700622
(주)웅진식품,알로에농장,혼합음료,패트,1500,대한민국,NOT,,8801382150183
(주)웅진식품,가야 농장에서 온 알로에,혼합음료,패트,1000,대한민국,NOT,,8801382147251
(주)웅진식품,가야농장에서온청포도,혼합음료,패트,1000,대한민국,NOT,,8801382150121
해태htb(주),Sunkist 머스캣,혼합음료,패트,1500,대한민국,NOT,,8801105908657
해태htb(주),코코팜 포도,혼합음료,패트,1000,대한민국,NOT,,8801105915082
해태htb(주),코코팜 피치 핑크 복숭아,혼합음료,패트,1500,대한민국,NOT,,8801105914221
오케이에프음료(주),알로에베라킹 제로,혼합음료,패트,500,대한민국,NOT,,8809041427065
오케이에프음료(주),알로에베라킹 제로,혼합음료,패트,1500,대한민국,NOT,,8809041427140
"한국코카콜라(유), 코카-콜라음료(주), (주)삼양패키징광혜원공장",토레타!,혼합음료,패트,500,대한민국,회사,,8801094412005
"한국코카콜라(유), 코카-콜라음료(주), 해태htb(주)",토레타!,혼합음료,패트,900,대한민국,회사,,8801094412708
"한국코카콜라(유), 코카-콜라음료(주), 해태htb(주)",토레타!,혼합음료,패트,1500,대한민국,회사,,8801094412906
"한국코카콜라(유), 코카-콜라음료(주), 해태htb(주)",파워에이드 마운틴블라스트,스포츠 음료,캔,340,대한민국,회사,,8801094363208
"한국코카콜라(유), 코카-콜라음료(주), 해태htb(주)",파워에이드 마운틴블라스트,스포츠 음료,패트,600,대한민국,회사,,8801094362706
"한국코카콜라(유), 코카-콜라음료(주), 해태htb(주)",파워에이드 마운틴블라스트,스포츠 음료,패트,900,대한민국,회사,,8801094362805
"한국코카콜라(유), 코카-콜라음료(주), 해태htb(주)",파워에이드 마운틴블라스트,스포츠 음료,패트,1500,대한민국,회사,,8801094362409
"한국코카콜라(유), 코카-콜라음료(주), 해태htb(주)",파워에이드 제로,스포츠 음료,패트,600,대한민국,회사,,8801094212728
"한국코카콜라(유), 코카-콜라음료(주), 해태htb(주)",파워에이드 제로,스포츠 음료,패트,1500,대한민국,회사,,8801094212414
"한국코카콜라(유), 코카-콜라음료(주), 해태htb(주)",파워에이드 메가볼츠,스포츠 음료,패트,1500,대한민국,회사,,8801094742508
"롯데칠성음료(주),펩시코(주)",게토레이 블루볼트,혼합음료,패트,600,대한민국,NOT,,8801056052218
"롯데칠성음료(주),펩시코(주)",게토레이 블루볼트,혼합음료,패트,1500,대한민국,NOT,,8801056052188
"롯데칠성음료(주),펩시코(주)",게토레이 레몬 플라워,혼합음료,패트,600,대한민국,NOT,,8801056049201
"롯데칠성음료(주),펩시코(주)",게토레이 레몬 플라워,혼합음료,패트,1500,대한민국,NOT,,8801056839017
"롯데칠성음료(주),펩시코(주)",게토레이 퍼플 플래시,혼합음료,패트,1500,대한민국,NOT,,8801056235321
롯데칠성음료(주),2% 부족할때 복숭아,비타민워터,캔,240,대한민국,NOT,,8801056002701
롯데칠성음료(주),2% 부족할때 복숭아,비타민워터,패트,1500,대한민국,NOT,,8801056002749
"한국코카콜라(유), 코카-콜라음료(주), 해태htb(주)",몬스터 에너지,에너지음료,캔,355,대한민국,회사,,4897036691007
"한국코카콜라(유), 코카-콜라음료(주), 해태htb(주)",몬스터 에너지 제로 슈거,에너지음료,캔,355,대한민국,회사,,4897036693728
"한국코카콜라(유), 코카-콜라음료(주), 해태htb(주)",몬스터 에너지 울트라,에너지음료,캔,355,대한민국,회사,,4897036691120
"한국코카콜라(유), 코카-콜라음료(주), 해태htb(주)",몬스터 에너지 망고 로코,에너지음료,캔,355,대한민국,회사,,4897036693339
"한국코카콜라(유), 코카-콜라음료(주), 해태htb(주)",몬스터 에너지 파이프라인펀치,에너지음료,캔,355,대한민국,회사,,4897036692424
"한국코카콜라(유), 코카-콜라음료(주), 해태htb(주)",몬스터 에너지 울트라 시트라,에너지음료,캔,355,대한민국,회사,,4897036692073
"한국코카콜라(유), 코카-콜라음료(주), 해태htb(주)",몬스터 에너지 울트라 파라다이스,에너지음료,캔,355,대한민국,회사,,4897036692721
롯데칠성음료(주),핫식스,에너지음료,캔,250,대한민국,NOT,,8801056038861
롯데칠성음료(주),핫식스 제로,에너지음료,캔,250,대한민국,NOT,,8801056234065
롯데칠성음료(주),핫식스 더킹 포스,에너지음료,캔,355,대한민국,NOT,,8801056171032
롯데칠성음료(주),핫식스 더킹 크러쉬 피치,에너지음료,캔,355,대한민국,NOT,,8801056234423
롯데칠성음료(주),핫식스 더킹 파워,에너지음료,캔,355,대한민국,NOT,,8801056098834
롯데칠성음료(주),에비앙 천연광천수,먹는샘물,패트,500,프랑스,나라,,3068320024400
한국청정음료(주),몽베스트,먹는샘물,패트,330,대한민국,NOT,,8803186200163
한국청정음료(주),몽베스트,먹는샘물,패트,330*6,대한민국,NOT,,8803186000121
"한국코카콜라(유), 코카-콜라음료(주)",태양의 원차 주전자차 옥수수,액상차,패트,500,대한민국,회사,,8801094342630
롯데칠성음료(주),립톤 아이스티 복숭아,액상차,캔,355,대한민국,NOT,,8801056044503
롯데칠성음료(주),상쾌한 시작 아침헛개,액상차,패트,500,대한민국,NOT,,8801056051099
롯데칠성음료(주),더하다 보리차 플러스,액상차,패트,500,대한민국,NOT,,8801056227517
롯데칠성음료(주),더하다 옥수수수염차 플러스,액상차,패트,500,대한민국,NOT,,8801056227371
롯데칠성음료(주),더하다 우엉차 플러스,액상차,패트,500,대한민국,NOT,,8801056227555
롯데칠성음료(주),오늘의차 초가을 우엉차,액상차,패트,500,대한민국,NOT,,8801056076542
롯데칠성음료(주),흑미 숭늉차 까늉,액상차,패트,500,대한민국,NOT,,8801056176983
(주)동원F&B,보성홍차 아이스티 제로 레몬차,액상차,패트,500,대한민국,NOT,,8801047284499
(주)동원F&B,보성홍차 아이스티 제로 복숭아차,액상차,패트,500,대한민국,NOT,,8801047284482
"(주)와우에프앤비, (주)웰그린",레몬녹차 제로,액상차,패트,500,대한민국,NOT,,8809809700645
(주)광동제약,비앙떼 허니유자캐모마일,액상차,패트,500,대한민국,NOT,,8306002022352
(주)광동제약,비앙떼 허니자몽블랙티,액상차,패트,500,대한민국,NOT,,8806002022369
"(주)광동제약, (주)삼양패키징광혜원공장",진한 헛개차,액상차,패트,340,대한민국,NOT,,8806002009094
"(주)광동제약, (주)삼양패키징광혜원공장",진한 헛개차,액상차,패트,1500,대한민국,NOT,,8806002009391
"(주)웅진식품, (주)삼양패키징광혜원공장",하늘보리,액상차,패트,500,대한민국,NOT,,8801382124849
"동서식품(주), 동원시스템즈(주)",동서 보리차,액상차,패트,500,대한민국,NOT,,8801037094039
"동서식품(주), 동원시스템즈(주)",동서 옥수수차,액상차,패트,500,대한민국,NOT,,8801037094046
"(주)광동제약, (주)삼양패키징광혜원공장",광동 V라인 옥수수 수염차,액상차,패트,340,대한민국,NOT,,8806002005638
"(주)광동제약, (주)삼양패키징광혜원공장",광동 V라인 옥수수 수염차,액상차,패트,500,대한민국,NOT,,8806002006437
"(주)광동제약, (주)삼양패키징광혜원공장",광동 V라인 옥수수 수염차,액상차,패트,1500,대한민국,NOT,,8806002005805
"(주)웅진식품, (주)삼양패키징광혜원공장",맑게 우려낸 누룽지차,액상차,패트,1500,대한민국,NOT,,8801382149620
"(주)웅진식품, 동원시스템즈(주)",웅진 헛개차,액상차,패트,1500,대한민국,NOT,,8801382150084
"(주)웅진식품, (주)삼양패키징광혜원공장",웅진 옥수수수염차,액상차,패트,1500,대한민국,NOT,,8801382150060
"(주)광동제약, (주)삼양패키징광혜원공장",웅진 광명찾은 결명자차,액상차,패트,1350,대한민국,NOT,,8801382150053
"남양유업주식회사, (주)삼양패키징광혜원공장",몸이 가벼워지는 시간 17차,액상차,패트,1500,대한민국,NOT,,8801069174037
"남양유업주식회사, (주)삼양패키징광혜원공장",동원 보성녹차,액상차,패트,1500,대한민국,NOT,,8801047284154
"하이트진로음료(주), (주)삼양패키징광혜원공장",하이트진로 블랙보리차,액상차,패트,1500,대한민국,NOT,,8801001238056
"(주)웅진식품, (주)삼양패키징광혜원공장",웅진 하늘보리 500ml,액상차,패트,1350,대한민국,NOT,,8801382149637
롯데칠성음료(주),홍차의 꿈 실론티 레몬,액상차,캔,240,대한민국,NOT,,8801056297015
"롯데칠성음료(주), 상일(주)",홍차의 꿈 실론티 레몬 제로,액상차,캔,240*6,대한민국,NOT,,8801056223069
(주)동아오츠카,동아오츠카 데자와 로얄밀크티 홍차음료,액상차,캔,240,대한민국,NOT,,8801097481015
(주)동아오츠카,동아오츠카 데자와 로얄밀크티 홍차음료,액상차,패트,500,대한민국,NOT,,8801097481206
(주)동아오츠카,동아오츠카 데자와 로얄밀크티 홍차음료,액상차,캔,240*6,대한민국,NOT,,8801097481060
"한국코카콜라(유), 코카-콜라음료(주)",코코팜 화이트 요구르트,혼합음료,캔,240,대한민국,회사,,8801105908787
"한국코카콜라(유), 코카-콜라음료(주)",커졌다! 코코팜 포도,혼합음료,패트,300,대한민국,회사,,8801105916515
"한국코카콜라(유), 코카-콜라음료(주)",커졌다! 코코팜 망고코넛,혼합음료,패트,300,대한민국,회사,,8801105916492
(주)웅진식품,아침햇살,혼합음료,패트,1500,대한민국,NOT,,8801382149668
(주)웅진식품,아침햇살,혼합음료,패트,500,대한민국,NOT,,8801382124528
"(주)위스트, (주)맛있는건강",바이오티 마시는 프리바이오틱스 애플소다,혼합음료,패트,350,대한민국,NOT,,8809390650732
"(주)위스트, (주)맛있는건강",바이오티 마시는 프리바이오틱스 피치핑크,혼합음료,패트,350,대한민국,NOT,,8809390650626
(주)동원F&B,양반 배수정과,혼합음료,패트,500,대한민국,NOT,,8801047291251
(주)동원F&B,양반 배식혜,혼합음료,패트,500,대한민국,NOT,,8801047291220
"대한제분(주), 세준푸드 농업회사법인(주)",곰표 밀식혜,혼합음료,패트,1800,대한민국,NOT,,8801176679173
(주)팔도,비락 식혜,혼합음료,패트,1500,대한민국,NOT,,8809695254338
(주)팔도,비락 식혜,혼합음료,패트,500,대한민국,NOT,,8801128945745
(주)팔도,비락 식혜,혼합음료,캔,238*6,대한민국,NOT,,8801128920209
"(주)웅진식품, (주)삼양패키징광혜원공장",자연은 더말린 제로 자몽,혼합음료,패트,500,대한민국,NOT,,8801382150220
"(주)웅진식품, (주)삼양패키징광혜원공장",자연은 더말린 제로 애플망고,혼합음료,패트,500,대한민국,NOT,,8801382150244
"(주)웅진식품, (주)삼양패키징광혜원공장",자연은 더말린 제로 복숭아,혼합음료,패트,500,대한민국,NOT,,8801382150206
"(주)웅진식품, (주)삼양패키징광혜원공장",티즐 제로 피치얼그레이,혼합음료,패트,500,대한민국,NOT,,8801382150282
"(주)웅진식품, (주)삼양패키징광혜원공장",티즐 제로 유자그린티,혼합음료,패트,500,대한민국,NOT,,8801382148524
롯데칠성음료(주),솔의눈,혼합음료,캔,240*6,대한민국,NOT,,8801056831066
오케이에프음료(주),오케이에프 알로에베라킹 제로,혼합음료,패트,1500,대한민국,NOT,,8809041427140
동서식품(주),스타벅스 시그니처 초콜릿 드링크,혼합음료,btc,275,대한민국,제품명,,8801037066715
"광동제약(주), (주)대웅생명과학",비타500 치어팩,혼합음료,폴리에틸렌,250,대한민국,NOT,,8806002002088
"(주)오리온, (주)삼양패키징광혜원공장",닥터유 드링크 단백질 바나나맛,혼합음료,패트,240,대한민국,NOT,,8801117353308
"현대약품(주), 튤립인터내셔널(주)",비에로화이바 SPARKLING ZERO,탄산음료,패트,350,대한민국,NOT,,8806004000587
"현대약품(주), 동원시스템즈(주), (주)삼양패키징광혜원공장",미에로 화이바,혼합음료,패트,350,대한민국,NOT,,8806004407133
"현대약품(주), 동원시스템즈(주), (주)삼양패키징광혜원공장",미에로 화이바,혼합음료,패트,1200,대한민국,NOT,,8806004000556
"(주)동원F&B, 동원시스템즈(주)",투명이온,혼합음료,패트,500,대한민국,NOT,,8801047290407
(주)동아오츠카,포카리,혼합음료,캔,340,대한민국,NOT,,8801097150096
(주)동아오츠카,포카리,혼합음료,패트,340,대한민국,NOT,,8801097250413
(주)동아오츠카,포카리,혼합음료,패트,500,대한민국,NOT,,8801097250048
(주)동아오츠카,포카리,혼합음료,패트,1500,대한민국,NOT,,8801097150034
"(주)농심, (주)삼양패키징광혜원공장",데이플러스 콜라겐,혼합음료,패트,500,대한민국,NOT,,8801043068604
"(주)농심, (주)삼양패키징광혜원공장",데이플러스 프로틴,혼합음료,패트,500,대한민국,NOT,,8801043068574
"(주)농심, ADELHOLZENER ALPENQUELLEN GMBH",파워오투 복숭아자몽향,혼합음료,패트,500,독일,NOT,,4005906405139
"(주)농심, ADELHOLZENER ALPENQUELLEN GMBH",파워오투 애플키위향,혼합음료,패트,500,독일,NOT,,4005906404811
"(주)농심, ADELHOLZENER ALPENQUELLEN GMBH",파워오투 아이스베리향,혼합음료,패트,500,독일,NOT,,4005906405009
"(주)농심, ADELHOLZENER ALPENQUELLEN GMBH",파워오투 오렌지레몬향,혼합음료,패트,500,독일,NOT,,4005906404835
"RED BULL ASIA FZE, RAUCH FRUCHTSAFTE GmbH&CO OG",레드불,에너지드링크,캔,250,오스트리아,나라,,9002490100070
"RED BULL ASIA FZE, RAUCH FRUCHTSAFTE GmbH&CO OG",레드불 슈가프리,에너지드링크,캔,250,오스트리아,나라,,9002490254834
"RED BULL ASIA FZE, RAUCH FRUCHTSAFTE GmbH&CO OG",레드불 더 레드 에디션,에너지드링크,캔,250,오스트리아,나라,,9002490261870
"한국코카콜라(유), 코카-콜라음료(주), 오케이에프음료(주)",조지아 고티카 빈티지 블랙,액상커피,btc,270,대한민국,회사,,8801094547103
"한국코카콜라(유), 코카-콜라음료(주), 오케이에프음료(주)",조지아 고티카 빈티지 라떼,액상커피,btc,270,대한민국,회사,,8801094577100
"한국코카콜라(유), 코카-콜라음료(주), 오케이에프음료(주)",조지아 고티카 빈티지 스위트 아메리카노,액상커피,btc,270,대한민국,회사,,8801094589103
"한국코카콜라(유), 코카-콜라음료(주)",조지아 고티카 콜드브루 아메리카노,액상커피,btc,265,대한민국,회사,,8801094562106
"한국코카콜라(유), 코카-콜라음료(주)",조지아 고티카 콜드브루 카페라떼,액상커피,btc,265,대한민국,회사,,8801094582203
"한국코카콜라(유), 코카-콜라음료(주)",조지아 크래프트 블랙,액상커피,패트,470,대한민국,회사,,8801094502669
"한국코카콜라(유), 코카-콜라음료(주)",조지아 크래프트 라떼,액상커피,패트,470,대한민국,회사,,8801094512668
"한국코카콜라(유), 코카-콜라음료(주)",조지아 크래프트 저칼로리 라떼,액상커피,패트,470,대한민국,회사,,8801094512613
"한국코카콜라(유), 코카-콜라음료(주)",조지아 크래프트 디카페인 블랙,액상커피,패트,470,대한민국,회사,,8801094432614
"한국코카콜라(유), 코카-콜라음료(주)",조지아 크래프트 스위트 블랙,액상커피,패트,470,대한민국,회사,,8801094542603
"한국코카콜라(유), 코카-콜라음료(주), (주)삼양패키징광혜원공장",조지아 헤이즐넛향 아메리카노,액상커피,패트,900,대한민국,회사,,8801094582708
"한국코카콜라(유), 코카-콜라음료(주), (주)삼양패키징광혜원공장",조지아 헤이즐넛향 오리지널,액상커피,패트,900,대한민국,회사,,8801094503703
"한국코카콜라(유), 코카-콜라음료(주), (주)삼양패키징광혜원공장",조지아 헤이즐넛향 오리지널,액상커피,패트,900,대한민국,회사,,8801094567705
"한국코카콜라(유), 코카-콜라음료(주), 오케이에프음료(주)",조지아 오리지널,액상커피,캔,240*6,대한민국,회사,,8801094503031
"한국코카콜라(유), 코카-콜라음료(주), 오케이에프음료(주)",조지아 카페라떼,액상커피,캔,240*6,대한민국,회사,,8801094513030
롯데칠성음료(주),칸타타 콘트라베이스,액상커피,패트,500,대한민국,NOT,,8801056177294
롯데칠성음료(주),칸타타 아이스 파우치 스위트 아메리카노,액상커피,파우치,230,대한민국,NOT,,8801056083557
롯데칠성음료(주),칸타타 아이스 파우치 (Iced Pouch) 블랙커피,액상커피,파우치,230,대한민국,NOT,,8801056083564
롯데칠성음료(주),칸타타 아이스 파우치 바닐라향 아메리카노,액상커피,파우치,230,대한민국,NOT,,8801056228149
롯데칠성음료(주),칸타타 아이스 파우치 헤이즐넛향,액상커피,파우치,230,대한민국,NOT,,8801056083574
롯데칠성음료(주),칸타타 아이스 파우치 카라멜 마키아토,액상커피,파우치,230,대한민국,NOT,,8801056083588
롯데칠성음료(주),레쓰비 그란데 헤이즐넛향,액상커피,패트,500,대한민국,NOT,,8801056174149
롯데칠성음료(주),레쓰비 그란데 바닐라 블랙,액상커피,패트,500,대한민국,NOT,,8801056228071
동서식품(주),스타벅스 프라푸치노 돌체,액상커피,유리,281,대한민국,제품명,,8801037077698
동서식품(주),스타벅스 프라푸치노 헤이즐넛향,액상커피,유리,281,대한민국,제품명,,8801037008630
동서식품(주),스타벅스 프라푸치노 모카,액상커피,유리,281,대한민국,제품명,,8801037086195
동서식품(주),스타벅스 프라푸치노 커피,액상커피,유리,281,대한민국,제품명,,8801037086188
동서식품(주),스타벅스 더블샷 바닐라,액상커피,btc,275,대한민국,제품명,,8801037003536
동서식품(주),스타벅스 더블샷 에스프레소앤크림,액상커피,btc,275,대한민국,제품명,,8801037055726
동서식품(주),스타벅스 파이크 플레이스 로스트 스위트블랙커피,액상커피,btc,275,대한민국,제품명,,8801037070545
동서식품(주),스타벅스 파이크 플레이스 로스트 블랙,액상커피,btc,200*4,대한민국,제품명,,8801037074352
동서식품(주),스타벅스 더블샷 에스프레소앤크림,액상커피,btc,200*4,대한민국,제품명,,8801037035568
"동서식품(주), 동원시스템즈(주), (주)삼양패키징광혜원공장",맥스웰하우스 마스터 바닐라블랙,액상커피,패트,500,대한민국,NOT,,8801037094916
"동서식품(주), 동원시스템즈(주), (주)삼양패키징광혜원공장",맥스웰하우스 마스터 헤이즐넛블랙,액상커피,패트,500,대한민국,NOT,,8801037096446
"동서식품(주), 동원시스템즈(주), (주)삼양패키징광혜원공장",맥스웰하우스 마스터 스위트 블랙,액상커피,패트,500,대한민국,NOT,,8801037094305
"동서식품(주), 동원시스템즈(주), (주)삼양패키징광혜원공장",맥스웰하우스 마스터 블랙,액상커피,패트,500,대한민국,NOT,,8801037093742
"동서식품(주), 동원시스템즈(주), (주)삼양패키징광혜원공장",맥스웰하우스 마스터 라떼,액상커피,패트,500,대한민국,NOT,,8801037093766
동서식품(주),맥심 티오피 미디엄 로스트 로우슈거블랙,액상커피,btc,275,대한민국,NOT,,8801037006162
동서식품(주),맥심 티오피 스모키 블랙,액상커피,btc,275,대한민국,NOT,,8801037001730
동서식품(주),맥심 티오피 미디엄로스트 돌체라떼,액상커피,btc,275,대한민국,NOT,,8801037006193
동서식품(주),맥심 티오피 스모키 라떼,액상커피,btc,275,대한민국,NOT,,8801037001716
동서식품(주),맥심 티오피 마스터 라떼,액상커피,btc,275,대한민국,NOT,,8801037087543
동서식품(주),맥심 티오피 마스터 라떼,액상커피,btc,380,대한민국,NOT,,8801037064346
동서식품(주),맥심 티오피 스위트 아메리카노,액상커피,btc,275,대한민국,NOT,,8801037087550
동서식품(주),맥심 티오피 스위트 아메리카노,액상커피,btc,380,대한민국,NOT,,8801037057843
동서식품(주),맥심 티오피 더 블랙,액상커피,btc,275,대한민국,NOT,,8801037087741
동서식품(주),맥심 티오피 더 블랙,액상커피,btc,380,대한민국,NOT,,8801037057867
"동서식품(주), (주)삼양패키징광혜원공장",맥심 티오피 심플리 스무스 라떼,액상커피,패트,240,대한민국,NOT,,8801037092240
"동서식품(주), (주)삼양패키징광혜원공장",맥심 티오피 심플리 스무스 스위트 아메리카노,액상커피,패트,240,대한민국,NOT,,8801037092257
"동서식품(주), (주)삼양패키징광혜원공장",맥심 티오피 심플리 스무스 블랙,액상커피,패트,240,대한민국,NOT,,8801037092264
"남양유업주식회사, (주)삼양패키징광혜원공장",남양유업 프렌치카페 로스터리 킬링샷 라떼,액상커피,패트,470,대한민국,NOT,,8801069410807
"남양유업주식회사, (주)삼양패키징광혜원공장",남양유업 프렌치카페 로스터리 킬링샷 아메리카노,액상커피,패트,470,대한민국,NOT,,8801069410791
"남양유업주식회사, (주)삼양패키징광혜원공장",남양유업 프렌치카페 로스터리 에스프레소 카페라떼,액상커피,종이팩,200*4,대한민국,NOT,,8801069417684
"(주)웰그린, (주)도투락",카페스위츠 아메리카노 헤이즐넛향 제로 칼로리,액상커피,플라스틱,1500,대한민국,NOT,,8809809700928
"(주)웰그린, (주)도투락",카페스위츠 아메리카노 스위트 제로 칼로리,액상커피,플라스틱,1500,대한민국,NOT,,8809809700911
"(주)웰그린, (주)도투락",카페스위츠 복숭아 아이스티 제로 칼로리,액상차,플라스틱,1500,대한민국,NOT,,8809809700904
