barcode,company-kor,company-en,product-kor,product-en,type-kor,type-en,package-kor,package-en,volume-ml,country-kor,country-en,boycott,certificate
8801094017200,"한국코카콜라(유), 코카-콜라음료(주)","Coca-Cola Korea Co., Ltd.",코카-콜라,Coca-Cola,탄산음료,Sparkling water,캔,can,350,대한민국,South Korea,company,
8801094017606,"한국코카콜라(유), 코카-콜라음료(주)","Coca-Cola Korea Co., Ltd.",코카-콜라,Coca-Cola,탄산음료,Sparkling water,패트,pet,500,대한민국,South Korea,company,
8801094012007,"한국코카콜라(유), 코카-콜라음료(주)","Coca-Cola Korea Co., Ltd.",코카-콜라,Coca-Cola,탄산음료,Sparkling water,패트,pet,1800,대한민국,South Korea,company,
8801094012632,"한국코카콜라(유), 코카-콜라음료(주)","Coca-Cola Korea Co., Ltd.",코카-콜라,Coca-Cola,탄산음료,Sparkling water,패트,pet,370*6,대한민국,South Korea,company,
8801094013035,"한국코카콜라(유), 코카-콜라음료(주)","Coca-Cola Korea Co., Ltd.",코카-콜라,Coca-Cola,탄산음료,Sparkling water,캔,can,250*6,대한민국,South Korea,company,
8801094593025,"한국코카콜라(유), 코카-콜라음료(주)","Coca-Cola Korea Co., Ltd.",코카-콜라,Coca-Cola,탄산음료,Sparkling water,캔,can,215*6,대한민국,South Korea,company,
8801094595098,"한국코카콜라(유), 코카-콜라음료(주)","Coca-Cola Korea Co., Ltd.",코카-콜라,Coca-Cola,탄산음료,Sparkling water,캔,can,215*30,대한민국,South Korea,company,
8801094082604,"한국코카콜라(유), 코카-콜라음료(주)","Coca-Cola Korea Co., Ltd.",코카-콜라 제로,Coca-Cola zero,탄산음료,Sparkling water,패트,pet,500,대한민국,South Korea,company,
8801094082406,"한국코카콜라(유), 코카-콜라음료(주)","Coca-Cola Korea Co., Ltd.",코카-콜라 제로,Coca-Cola zero,탄산음료,Sparkling water,패트,pet,1500,대한민국,South Korea,company,
8801094082086,"한국코카콜라(유), 코카-콜라음료(주)","Coca-Cola Korea Co., Ltd.",코카-콜라 제로,Coca-Cola zero,탄산음료,Sparkling water,패트,pet,1800,대한민국,South Korea,company,
8801094082642,"한국코카콜라(유), 코카-콜라음료(주)","Coca-Cola Korea Co., Ltd.",코카-콜라 제로,Coca-Cola zero,탄산음료,Sparkling water,패트,pet,370*6,대한민국,South Korea,company,
8801094083830,"한국코카콜라(유), 코카-콜라음료(주)","Coca-Cola Korea Co., Ltd.",코카-콜라 제로,Coca-Cola zero,탄산음료,Sparkling water,캔,can,215*6,대한민국,South Korea,company,
8801094062675,"한국코카콜라(유), 코카-콜라음료(주)","Coca-Cola Korea Co., Ltd.",코카-콜라 제로 레몬​,Coca-Cola zero lemon,탄산음료,Sparkling water,패트,pet,500,대한민국,South Korea,company,
8801094062460,"한국코카콜라(유), 코카-콜라음료(주)","Coca-Cola Korea Co., Ltd.",코카-콜라 제로 레몬​,Coca-Cola zero lemon,탄산음료,Sparkling water,패트,pet,1500,대한민국,South Korea,company,
8801094202606,"한국코카콜라(유), 코카-콜라음료(주)","Coca-Cola Korea Co., Ltd.",스프라이트,Sprite,탄산음료,Sparkling water,패트,pet,500,대한민국,South Korea,company,
8801094200039,"한국코카콜라(유), 코카-콜라음료(주)","Coca-Cola Korea Co., Ltd.",스프라이트,Sprite,탄산음료,Sparkling water,캔,can,215*6,대한민국,South Korea,company,
8801094202804,"한국코카콜라(유), 코카-콜라음료(주)","Coca-Cola Korea Co., Ltd.",스프라이트,Sprite,탄산음료,Sparkling water,패트,pet,1000,대한민국,South Korea,company,
8801094962852,"한국코카콜라(유), 코카-콜라음료(주)","Coca-Cola Korea Co., Ltd.",스프라이트 제로,Sprite zero,탄산음료,Sparkling water,패트,pet,1500,대한민국,South Korea,company,
8801094962418,"한국코카콜라(유), 코카-콜라음료(주)","Coca-Cola Korea Co., Ltd.",스프라이트 제로,Sprite zero,탄산음료,Sparkling water,패트,pet,1800,대한민국,South Korea,company,
8801094112707,"한국코카콜라(유), 코카-콜라음료(주)","Coca-Cola Korea Co., Ltd.",환타 오렌지향,Fanta orange,탄산음료,Sparkling water,패트,pet,500,대한민국,South Korea,company,
8801094112400,"한국코카콜라(유), 코카-콜라음료(주)","Coca-Cola Korea Co., Ltd.",환타 오렌지향,Fanta orange,탄산음료,Sparkling water,패트,pet,1500,대한민국,South Korea,company,
8801094110017,"한국코카콜라(유), 코카-콜라음료(주)","Coca-Cola Korea Co., Ltd.",환타 오렌지향,Fanta orange,탄산음료,Sparkling water,캔,can,215*6,대한민국,South Korea,company,
8801094132408,"한국코카콜라(유), 코카-콜라음료(주)","Coca-Cola Korea Co., Ltd.",환타 파인애플향,Fanta Pineapple Flavor,탄산음료,Sparkling water,패트,pet,1500,대한민국,South Korea,company,
8801094253059,"한국코카콜라(유), 코카-콜라음료(주), 케이에프음료(주)","Coca-Cola Korea CO LTD, KF Drink Co., Ltd.",환타 제로 포도향,Fanta Zero Grape,탄산음료,Sparkling water,캔,can,355*6,대한민국,South Korea,company,
8801094262433,"한국코카콜라(유), 코카-콜라음료(주)","Coca-Cola Korea Co., Ltd.",환타 제로 파인애플향,Fanta Zero Pineapple Flavor,탄산음료,Sparkling water,패트,pet,1500,대한민국,South Korea,company,
8801094263232,"한국코카콜라(유), 코카-콜라음료(주), 케이에프음료(주)","Coca-Cola Korea CO LTD, KF Drink Co., Ltd.",환타 제로 파인애플향,Fanta Zero Pineapple Flavor,탄산음료,Sparkling water,캔,can,355*6,대한민국,South Korea,company,
8801094252403,"한국코카콜라(유), 코카-콜라음료(주)","Coca-Cola Korea Co., Ltd.",환타 밀크소다,Fanta Milk Soda,탄산음료,Sparkling water,패트,pet,1500,대한민국,South Korea,company,
8801094989231,"한국코카콜라(유), 코카-콜라음료(주)","Coca-Cola Korea Co., Ltd.",씨그램 레몬,Seagram Lemon,탄산음료,Sparkling water,패트,pet,350*6,대한민국,South Korea,company,
8801094984137,"한국코카콜라(유), 코카-콜라음료(주)","Coca-Cola Korea Co., Ltd.",씨그램 플레인,Seagram Plain,탄산음료,Sparkling water,패트,pet,350*6,대한민국,South Korea,company,
8801094985233,"한국코카콜라(유), 코카-콜라음료(주)","Coca-Cola Korea Co., Ltd.",씨그램 라임,Seagram Lime,탄산음료,Sparkling water,패트,pet,350*6,대한민국,South Korea,company,
8801094989255,"한국코카콜라(유), 코카-콜라음료(주)","Coca-Cola Korea Co., Ltd.",씨그램 레몬,Seagram Lemon,탄산음료,Sparkling water,패트,pet,350*12,대한민국,South Korea,company,
8801094985257,"한국코카콜라(유), 코카-콜라음료(주)","Coca-Cola Korea Co., Ltd.",씨그램 라임,Seagram Lime,탄산음료,Sparkling water,패트,pet,350*12,대한민국,South Korea,company,
8801105916645,"한국코카콜라(유), 코카-콜라음료(주)","Coca-Cola Korea Co., Ltd.",갈배 사이다 제로,Galbae Cider Zero,탄산음료,Sparkling water,패트,pet,1500,대한민국,South Korea,company,
8801094253103,"한국코카콜라(유), 코카-콜라음료(주)","Coca-Cola Korea Co., Ltd.",암바사,Ambassa,탄산음료,Sparkling water,캔,can,355,대한민국,South Korea,company,
8801056094775,"롯데칠성음료(주), Schweppes International Limited Co., Ltd.","Lotte Chilsung Co., Ltd., Schweppes International Limited Co., Ltd.",오랑지나,Orangina,탄산음료,Sparkling water,패트,pet,420,대한민국,South Korea,not,
8801056716011,롯데칠성음료(주),"Lotte Chilsung Co., Ltd.",마운틴듀,Mountain Dew,탄산음료,Sparkling water,캔,can,355,대한민국,South Korea,not,
8801056093815,롯데칠성음료(주),"Lotte Chilsung Co., Ltd.",트레비 플레인,Trevi Plain,탄산음료,Sparkling water,패트,pet,300,대한민국,South Korea,not,
8801056069476,롯데칠성음료(주),"Lotte Chilsung Co., Ltd.",트레비 플레인,Trevi Plain,탄산음료,Sparkling water,패트,pet,500,대한민국,South Korea,not,
8801056055240,롯데칠성음료(주),"Lotte Chilsung Co., Ltd.",트레비 플레인,Trevi Plain,탄산음료,Sparkling water,패트,pet,1200,대한민국,South Korea,not,
8801056093822,롯데칠성음료(주),"Lotte Chilsung Co., Ltd.",트레비 플레인,Trevi Plain,탄산음료,Sparkling water,패트,pet,300*20,대한민국,South Korea,not,
8801056055202,롯데칠성음료(주),"Lotte Chilsung Co., Ltd.",트레비 레몬향,Trevi Lemon Flavor,탄산음료,Sparkling water,패트,pet,500,대한민국,South Korea,not,
8801056096908,롯데칠성음료(주),"Lotte Chilsung Co., Ltd.",트레비 레몬향,Trevi Lemon Flavor,탄산음료,Sparkling water,패트,pet,300*20,대한민국,South Korea,not,
8801056086190,롯데칠성음료(주),"Lotte Chilsung Co., Ltd.",트레비 자몽향,Trevi Grapefruit Flavor,탄산음료,Sparkling water,패트,pet,300,대한민국,South Korea,not,
8801056086206,롯데칠성음료(주),"Lotte Chilsung Co., Ltd.",트레비 자몽향,Trevi Grapefruit Flavor,탄산음료,Sparkling water,패트,pet,300*20,대한민국,South Korea,not,
8801056055295,롯데칠성음료(주),"Lotte Chilsung Co., Ltd.",트레비 레몬향,Trevi Lemon Flavor,탄산음료,Sparkling water,캔,can,355*6,대한민국,South Korea,not,
8801056055189,롯데칠성음료(주),"Lotte Chilsung Co., Ltd.",트레비 라임향,Trevi Lemon Flavor,탄산음료,Sparkling water,패트,pet,500,대한민국,South Korea,not,
8801056055707,롯데칠성음료(주),"Lotte Chilsung Co., Ltd.",트레비 라임향,Trevi Lemon Flavor,탄산음료,Sparkling water,캔,can,355*6,대한민국,South Korea,not,
8801056084660,롯데칠성음료(주),"Lotte Chilsung Co., Ltd.",트레비 라임향,Trevi Lemon Flavor,탄산음료,Sparkling water,패트,pet,300*20,대한민국,South Korea,not,
8801056193010,"롯데칠성음료(주), 펩시코(주)","Lotte Chilsung Co., Ltd., PepsiCo Co., Ltd.",펩시콜라,Pepsi Cola,탄산음료,Sparkling water,패트,pet,500,대한민국,South Korea,company,
8801056150013,"롯데칠성음료(주), 펩시코(주)","Lotte Chilsung Co., Ltd., PepsiCo Co., Ltd.",펩시콜라,Pepsi Cola,탄산음료,Sparkling water,캔,can,355,대한민국,South Korea,company,
8801056195014,"롯데칠성음료(주), 펩시코(주)","Lotte Chilsung Co., Ltd., PepsiCo Co., Ltd.",펩시콜라,Pepsi Cola,탄산음료,Sparkling water,패트,pet,1500,대한민국,South Korea,company,
8801056028862,"롯데칠성음료(주), 펩시코(주)","Lotte Chilsung Co., Ltd., PepsiCo Co., Ltd.",펩시콜라,Pepsi Cola,탄산음료,Sparkling water,캔,can,190*6,대한민국,South Korea,company,
8801056175900,"롯데칠성음료(주), 펩시코(주)","Lotte Chilsung Co., Ltd., PepsiCo Co., Ltd.",펩시 제로 라임,Pepsi Zero Lime,탄산음료,Sparkling water,캔,can,355,대한민국,South Korea,company,
8801056755010,롯데칠성음료(주),"Lotte Chilsung Co., Ltd.",밀키스,Milkis,탄산음료,Sparkling water,패트,pet,500,대한민국,South Korea,not,
8801056201012,롯데칠성음료(주),"Lotte Chilsung Co., Ltd.",밀키스,Milkis,탄산음료,Sparkling water,패트,pet,1500,대한민국,South Korea,not,
8801056091309,롯데칠성음료(주),"Lotte Chilsung Co., Ltd.",밀키스,Milkis,탄산음료,Sparkling water,캔,can,190,대한민국,South Korea,not,
8801056091316,롯데칠성음료(주),"Lotte Chilsung Co., Ltd.",밀키스,Milkis,탄산음료,Sparkling water,캔,can,190*6,대한민국,South Korea,not,
8801056043551,롯데칠성음료(주),"Lotte Chilsung Co., Ltd.",밀키스,Milkis,탄산음료,Sparkling water,캔,can,340,대한민국,South Korea,not,
8801056233204,롯데칠성음료(주),"Lotte Chilsung Co., Ltd.",밀키스 제로,Milkis Zero,탄산음료,Sparkling water,캔,can,250,대한민국,South Korea,not,
8801056040925,롯데칠성음료(주),"Lotte Chilsung Co., Ltd.",칠성사이다,Chilsung Cider,탄산음료,Sparkling water,캔,can,355,대한민국,South Korea,not,
8801056192013,롯데칠성음료(주),"Lotte Chilsung Co., Ltd.",칠성사이다,Chilsung Cider,탄산음료,Sparkling water,패트,pet,500,대한민국,South Korea,not,
8801056190019,롯데칠성음료(주),"Lotte Chilsung Co., Ltd.",칠성사이다,Chilsung Cider,탄산음료,Sparkling water,패트,pet,1250,대한민국,South Korea,not,
8801056028886,롯데칠성음료(주),"Lotte Chilsung Co., Ltd.",칠성사이다,Chilsung Cider,탄산음료,Sparkling water,캔,can,190,대한민국,South Korea,not,
8801056028893,롯데칠성음료(주),"Lotte Chilsung Co., Ltd.",칠성사이다,Chilsung Cider,탄산음료,Sparkling water,캔,can,190*6,대한민국,South Korea,not,
8801056143015,롯데칠성음료(주),"Lotte Chilsung Co., Ltd.",칠성사이다,Chilsung Cider,탄산음료,Sparkling water,캔,can,250,대한민국,South Korea,not,
8801056143060,롯데칠성음료(주),"Lotte Chilsung Co., Ltd.",칠성사이다,Chilsung Cider,탄산음료,Sparkling water,캔,can,250*6,대한민국,South Korea,not,
8801056097202,롯데칠성음료(주),"Lotte Chilsung Co., Ltd.",칠성사이다,Chilsung Cider,탄산음료,Sparkling water,캔,can,190*30,대한민국,South Korea,not,
8801056227708,롯데칠성음료(주),"Lotte Chilsung Co., Ltd.",칠성사이다 플러스,Chilsung Cider Plus,탄산음료,Sparkling water,패트,pet,500,대한민국,South Korea,not,
8801056235987,롯데칠성음료(주),"Lotte Chilsung Co., Ltd.",칠성사이다 제로,Chilsung Cider Zero,탄산음료,Sparkling water,패트,pet,1250,대한민국,South Korea,not,
8801056231682,롯데칠성음료(주),"Lotte Chilsung Co., Ltd.",탐스 제로 파인애플향,TOMS Zero Pineapple Flavor,탄산음료,Sparkling water,캔,can,355,대한민국,South Korea,not,
8801056229320,롯데칠성음료(주),"Lotte Chilsung Co., Ltd.",탐스 제로 레몬향,TOMS Zero Lemon Scent,탄산음료,Sparkling water,패트,pet,500,대한민국,South Korea,not,
8801056229290,롯데칠성음료(주),"Lotte Chilsung Co., Ltd.",탐스 제로 오렌지향,TOMS Zero Orange Flavor,탄산음료,Sparkling water,패트,pet,500,대한민국,South Korea,not,
8801056230364,롯데칠성음료(주),"Lotte Chilsung Co., Ltd.",탐스 제로 오렌지향,TOMS Zero Orange Flavor,탄산음료,Sparkling water,패트,pet,1500,대한민국,South Korea,not,
8801056229351,롯데칠성음료(주),"Lotte Chilsung Co., Ltd.",탐스 제로 사과앤 키위향,TOMS Zero Apple & Kiwi Flavor,탄산음료,Sparkling water,패트,pet,500,대한민국,South Korea,not,
8801056230302,롯데칠성음료(주),"Lotte Chilsung Co., Ltd.",탐스 제로 사과앤 키위향,TOMS Zero Apple & Kiwi Flavor,탄산음료,Sparkling water,패트,pet,1500,대한민국,South Korea,not,
8801105915426,"해태에이치티비(주), 오케이에프음료(주)","Haitai Htb Co., Ltd., Okf Drink Co., Ltd.",갈배사이다,galbae cider,탄산음료,Sparkling water,패트,pet,1500,대한민국,South Korea,not,
8801105916645,"해태에이치티비(주), 오케이에프음료(주)","Haitai Htb Co., Ltd., Okf Drink Co., Ltd.",갈배 사이다 제로,Galbae Cider Zero,탄산음료,Sparkling water,패트,pet,1500,대한민국,South Korea,not,
8801043450690,(주)농심,"Nongshim Co., Ltd.",웰치스 웰치 그레이프맛,Welch's Welch's Grape Flavor,탄산음료,Sparkling water,캔,can,355,대한민국,South Korea,not,
8801043650632,(주)농심,"Nongshim Co., Ltd.",웰치스 웰치 그레이프맛,Welch's Grape Flavor,탄산음료,Sparkling water,캔,can,355*6,대한민국,South Korea,not,
8801043059312,(주)농심,"Nongshim Co., Ltd.",웰치스 웰치 오렌지맛,Welch's Orange Flavor,탄산음료,Sparkling water,캔,can,355,대한민국,South Korea,not,
8801043059367,(주)농심,"Nongshim Co., Ltd.",웰치스 웰치 오렌지맛,Welch's Orange Flavor,탄산음료,Sparkling water,캔,can,355*6,대한민국,South Korea,not,
8801043650625,(주)농심,"Nongshim Co., Ltd.",웰치스 웰치 화이트그레이프맛,Welch's White Grape Flavor,탄산음료,Sparkling water,캔,can,355,대한민국,South Korea,not,
8801043005425,(주)농심,"Nongshim Co., Ltd.",웰치스 웰치 화이트그레이프맛,Welch's White Grape Flavor,탄산음료,Sparkling water,캔,can,355*6,대한민국,South Korea,not,
8801043067225,(주)농심,"Nongshim Co., Ltd.",웰치스 웰치 제로 그레이프맛,Welch's Zero Grape Flavor,탄산음료,Sparkling water,패트,pet,1500,대한민국,South Korea,not,
8801043064118,(주)농심,"Nongshim Co., Ltd.",웰치스 웰치 제로 오렌지맛,Welch's Zero Orange Flavor,탄산음료,Sparkling water,캔,can,355,대한민국,South Korea,not,
8801043064132,(주)농심,"Nongshim Co., Ltd.",웰치스 웰치 제로 오렌지맛,Welch's Zero Orange Flavor,탄산음료,Sparkling water,캔,can,355*6,대한민국,South Korea,not,
8801043067256,(주)농심,"Nongshim Co., Ltd.",웰치스 웰치 제로 오렌지맛,Welch's Zero Orange Flavor,탄산음료,Sparkling water,패트,pet,1500,대한민국,South Korea,not,
8801043068147,(주)농심,"Nongshim Co., Ltd.",웰치스 웰치 제로 샤인머스캣맛,Welch's Zero Shine Muscat Flavor,탄산음료,Sparkling water,패트,pet,500,대한민국,South Korea,not,
8801043067706,(주)농심,"Nongshim Co., Ltd.",웰치스 웰치 제로 샤인머스캣맛,Welch's Zero Shine Muscat Flavor,탄산음료,Sparkling water,캔,can,355,대한민국,South Korea,not,
8801043067720,(주)농심,"Nongshim Co., Ltd.",웰치스 웰치 제로 샤인머스캣맛,Welch's Zero Shine Muscat Flavor,탄산음료,Sparkling water,캔,can,355*6,대한민국,South Korea,not,
8809685981039,"(주)티젠농업회사법인, (주)삼양패키징광혜원공장","Teazen Co., Ltd., Samyang Packaging Co., Ltd.",티젠 콤부차 스파클링 티 레몬,Teazen Kombucha Sparkling Tea Lemon,탄산음료,Sparkling water,패트,pet,340,대한민국,South Korea,not,
8809685981046,"(주)티젠농업회사법인, (주)삼양패키징광혜원공장","Teazen Co., Ltd., Samyang Packaging Co., Ltd.",티젠 콤부차 스파클링 티 피치맛,Teazen Kombucha Sparkling Tea Peach Flavor,탄산음료,Sparkling water,패트,pet,340,대한민국,South Korea,not,
8801223010263,"홈플러스(주), (주)일화초정공장","Homeplus Co., Ltd., Ilhwa Co., Ltd.",Homeplus Signature 콜라,Homeplus Signature Cola,탄산음료,Sparkling water,패트,pet,1500,대한민국,South Korea,not,
8801223010300,"홈플러스(주), (주)일화초정공장","Homeplus Co., Ltd., Ilhwa Co., Ltd.",Homeplus Signature 콜라,Homeplus Signature Cola,탄산음료,Sparkling water,캔,can,350*6,대한민국,South Korea,not,
8801223011383,"홈플러스(주), (주)일화초정공장","Homeplus Co., Ltd., Ilhwa Co., Ltd.",Homeplus Signature 제로 콜라,Homeplus Signature Zero Cola,탄산음료,Sparkling water,캔,can,350*6,대한민국,South Korea,not,
8801223010287,"홈플러스(주), (주)일화초정공장","Homeplus Co., Ltd., Ilhwa Co., Ltd.",Homeplus Signature 사이다,Homeplus Signature Cider,탄산음료,Sparkling water,패트,pet,1500,대한민국,South Korea,not,
18809713912797,홈플러스(주),"Homeplus Co., Ltd.",Homeplus Signature 무라벨 스파클링 워터 플레인,Homeplus Signature Label-Free Sparkling Water Plain,탄산음료,Sparkling water,패트,pet,500*20,대한민국,South Korea,not,
18809713912780,홈플러스(주),"Homeplus Co., Ltd.",Homeplus Signature 무라벨 스파클링 워터 라임,Homeplus Signature Label-Free Sparkling Water Lime,탄산음료,Sparkling water,패트,pet,500*20,대한민국,South Korea,not,
18809713914203,홈플러스(주),"Homeplus Co., Ltd.",Homeplus Signature 무라벨 스파클링 워터 샤인머스캣,Homeplus Signature Label-Free Sparkling Water Shine Muscat,탄산음료,Sparkling water,패트,pet,500*20,대한민국,South Korea,not,
8801223007935,(주)일화초정공장,"Ilhwa Co., Ltd.",일화 맥콜 제로,Anecdote McCall Zero,탄산음료,Sparkling water,패트,pet,1250,대한민국,South Korea,not,
8801223012762,(주)일화초정공장,"Ilhwa Co., Ltd.",일화 맥콜 제로,Anecdote McCall Zero,탄산음료,Sparkling water,패트,pet,1500,대한민국,South Korea,not,
8801223100254,(주)일화초정공장,"Ilhwa Co., Ltd.",일화 맥콜 제로,Anecdote McCall Zero,탄산음료,Sparkling water,캔,can,250,대한민국,South Korea,not,
8801223007478,(주)일화초정공장,"Ilhwa Co., Ltd.",천연사이다,Natural Cider,탄산음료,Sparkling water,캔,can,350,대한민국,South Korea,not,
8801223104306,(주)일화초정공장,"Ilhwa Co., Ltd.",천연사이다,Natural Cider,탄산음료,Sparkling water,패트,pet,1500,대한민국,South Korea,not,
8801223013004,(주)일화초정공장,"Ilhwa Co., Ltd.",천연사이다 제로,Natural Cider Zero,탄산음료,Sparkling water,패트,pet,1500,대한민국,South Korea,not,
8801223100179,(주)일화초정공장,"Ilhwa Co., Ltd.",초정탄산수,Chojeong carbonated water,탄산음료,Sparkling water,패트,pet,500,대한민국,South Korea,not,
8801223100223,(주)일화초정공장,"Ilhwa Co., Ltd.",초정탄산수,Chojeong carbonated water,탄산음료,Sparkling water,패트,pet,1500,대한민국,South Korea,not,
8801223002176,(주)일화초정공장,"Ilhwa Co., Ltd.",초정탄산수라임,Chojeong Carbonated Water Lime,탄산음료,Sparkling water,패트,pet,500,대한민국,South Korea,not,
8801097136519,(주)동아오츠카,"Donga Otsuka Co., Ltd.",나랑드사이다 제로,Naland Cider Zero,탄산음료,Sparkling water,캔,can,250,대한민국,South Korea,not,
8801097235632,(주)동아오츠카,"Donga Otsuka Co., Ltd.",나랑드사이다 제로,Naland Cider Zero,탄산음료,Sparkling water,패트,pet,500,대한민국,South Korea,not,
9311493003081,Bundaberg Brewed Drinks Pty. Ltd.,Bundaberg Brewed Drinks Pty. Ltd.,분다버그 핑크 그레이프프루트,Bundaberg Pink Grapefruit,탄산음료,Sparkling water,유리,glass,375,대한민국,South Korea,not,
9311493003043,Bundaberg Brewed Drinks Pty. Ltd.,Bundaberg Brewed Drinks Pty. Ltd.,분다버그 레몬 라임 앤 비터스,Bundaberg Lemon Lime and Bitters,탄산음료,Sparkling water,유리,glass,375,대한민국,South Korea,not,
7613033131585,Nestle Waters Supply Sud.,Nestle Waters Supply Sud.,페리에 레몬,perrier lemon,탄산음료,Sparkling water,유리,glass,330,프랑스,France,"company, country",
8809288634936,"비알코리아(주), 오케이에프음료(주)","BR Korea Co., Ltd., Okf Drink Co., Ltd.",DUNKIN SPARKLING ZERO,DUNKIN SPARKLING ZERO,탄산음료,Sparkling water,캔,can,350,대한민국,South Korea,not,
8801105911299,해태에이치티비(주),"Haitai Htb Co., Ltd.",포도봉봉,grape bonbon,탄산음료,Sparkling water,캔,can,340,대한민국,South Korea,not,
8809329050510,(주)천지개벽,"Cjgb Co., Ltd.",샤인머스캣 스파클링,Shine Muscat Sparkling,탄산음료,Sparkling water,캔,can,350,대한민국,South Korea,not,
8809329050473,(주)천지개벽,"Cjgb Co., Ltd.",제주한라봉 스파클링,Jeju Hallabong Sparkling,탄산음료,Sparkling water,캔,can,355,대한민국,South Korea,not,
8809495075485,"(주)상일, (주)이그니스","SI Co., Ltd., Egnis Inc.",클룹 제로소다 복숭아,Kloop Zero Soda Peach,탄산음료,Sparkling water,캔,can,500,대한민국,South Korea,not,
8809495075478,(유)삼각에프엠씨웰빙랜드,Samgak FMC Inc.,클룹 제로소다 포도,Kloup Zero Soda Grape,탄산음료,Sparkling water,캔,can,500,대한민국,South Korea,not,
8809495076482,"(주)상일, (주)이그니스","SI Co., Ltd., Egnis Inc.",클룹 제로소다 청사과,Kloop Zero Soda Green Apple,탄산음료,Sparkling water,캔,can,500,대한민국,South Korea,not,
8801119025111,하이트진로(주),"Hitejinro Co., Ltd.",HITE MANGO LINGO,HITE MANGO LINGO,주류,Alcohol,캔,can,355,대한민국,South Korea,not,
8801048311002,하이트진로(주),"Hitejinro Co., Ltd.",이슬톡톡,Dew tok tok,주류,Alcohol,캔,can,355,대한민국,South Korea,not,
8809846900404,"매일헬스뉴트리션(주), (주)삼양패키징","Maeil Health Nutrition Co., Ltd., Samyang Packaging Co., Ltd.",셀렉스 프로핏 웨이프로틴 청포도 스파클링,Selex Profit Whey Protein Green Grape Sparkling,탄산음료,Sparkling water,패트,glass,335,대한민국,South Korea,not,
8801097160064,동아오츠카(주),"Donga Otsuka Co., Ltd.",데미소다   애플,Demisoda Apple,탄산음료,Sparkling water,캔,can,250,대한민국,South Korea,not,Vegan
8809344667007,"(주)프로엠홀딩스, 오케이에프음료(주)","ProM Holdings Co., Ltd., Okf Drink Co., Ltd.",브이톡 팡크복숭아에이드,V-Talk Pank Peach Ade,탄산음료,Sparkling water,패트,glass,350,대한민국,South Korea,not,
8809344669124,"(주)프로엠홀딩스, 오케이에프음료(주)","ProM Holdings Co., Ltd., Okf Drink Co., Ltd.",브이톡 제로 레몬에이드,V-Talk Zero Lemonade,탄산음료,Sparkling water,패트,glass,350,대한민국,South Korea,not,
4902494070131,"Hata Kosen Co., Ltd.","Hata Kosen Co., Ltd.",크레용 신짱 라무네,Crayon Shinchan Ramune,탄산음료,Sparkling water,유리,glass,200,일본,Japan,not,
8803420600209,"Hata Kosen Co., Ltd.","Hata Kosen Co., Ltd.",크레용 신짱 파인애플향 라무네,Crayon Shinchan Pineapple Flavored Ramune,탄산음료,Sparkling water,유리,glass,200,일본,Japan,not,
8801094842406,"한국코카콜라(유), 코카-콜라음료(주)","Coca-Cola Korea Co., Ltd.",미닛메이드 오리지널 오렌지,Minute Maid Original Orange,주스,Juice,패트,pet,1500,대한민국,South Korea,company,
8801094842406,"한국코카콜라(유), 코카-콜라음료(주)","Coca-Cola Korea Co., Ltd.",미닛메이드 에센셜 오렌지,Minute Maid Essential Orange,주스,Juice,패트,pet,1500,대한민국,South Korea,company,
8801094262303,"한국코카콜라(유), 코카-콜라음료(주)","Coca-Cola Korea Co., Ltd.",미닛메이드 오리지널 포도,Minute Maid Original Grape,주스,Juice,패트,pet,1500,대한민국,South Korea,company,
8801094852405,"한국코카콜라(유), 코카-콜라음료(주)","Coca-Cola Korea Co., Ltd.",미닛메이드 포도,Minute Maid Grapes,주스,Juice,패트,pet,1500,대한민국,South Korea,company,
8801094622305,"한국코카콜라(유), 코카-콜라음료(주)","Coca-Cola Korea Co., Ltd.",미닛메이드 제주감귤,Minute Maid Jeju Tangerines,주스,Juice,패트,pet,1500,대한민국,South Korea,company,
8801094432409,"한국코카콜라(유), 코카-콜라음료(주)","Coca-Cola Korea Co., Ltd.",미닛메이드 알로에,Minute Maid Aloe,혼합음료,Mixed drinks,패트,pet,1500,대한민국,South Korea,company,
8801094292409,"한국코카콜라(유), 코카-콜라음료(주)","Coca-Cola Korea Co., Ltd.",미닛메이드 망고,Minute Maid Mango,주스,Juice,패트,pet,1500,대한민국,South Korea,company,
8801094332402,"한국코카콜라(유), 코카-콜라음료(주)","Coca-Cola Korea Co., Ltd.",미닛메이드 토마토,Minute Maid Tomatoes,주스,Juice,패트,pet,1500,대한민국,South Korea,company,
8801105908626,"한국코카콜라(유), 코카-콜라음료(주), 해태htb(주)","Coca-Cola Korea CO LTD, Haitai Htb Co., Ltd.",미닛메이드 레몬에이드,Minute Maid Lemonade,주스,Juice,패트,pet,1500,대한민국,South Korea,company,
8801094914028,"한국코카콜라(유), 코카-콜라음료(주)","Coca-Cola Korea Co., Ltd.",미닛메이드 조이 오렌지,Minute Maid Joy Orange,주스,Juice,종이팩,paper,195*4,대한민국,South Korea,company,
8801094932121,"한국코카콜라(유), 코카-콜라음료(주)","Coca-Cola Korea Co., Ltd.",미닛메이드 조이 사과,Minute Maid Joy Apple,주스,Juice,종이팩,paper,195*4,대한민국,South Korea,company,
8801105908367,"한국코카콜라(유), 코카-콜라음료(주)","Coca-Cola Korea Co., Ltd.",과일촌 아침에 사과,Apples in the morning at Fruit Village,주스,Juice,패트,pet,500,대한민국,South Korea,company,
8801056071226,롯데칠성음료(주),"Lotte Chilsung Co., Ltd.",델몬트 오렌지,Del Monte Orange,주스,Juice,패트,pet,400,대한민국,South Korea,not,
8801056237875,롯데칠성음료(주),"Lotte Chilsung Co., Ltd.",델몬트 오렌지,Del Monte Orange,주스,Juice,패트,pet,1800,대한민국,South Korea,not,
8801056064174,롯데칠성음료(주),"Lotte Chilsung Co., Ltd.",델몬트 망고,Del Monte Mango,주스,Juice,패트,pet,1800,대한민국,South Korea,not,
8801056071240,롯데칠성음료(주),"Lotte Chilsung Co., Ltd.",델몬트 포도,Del Monte Grape,주스,Juice,패트,pet,400,대한민국,South Korea,not,
8801056237899,롯데칠성음료(주),"Lotte Chilsung Co., Ltd.",델몬트 포도,Del Monte Grape,주스,Juice,패트,pet,1800,대한민국,South Korea,not,
8801056022150,롯데칠성음료(주),"Lotte Chilsung Co., Ltd.",델몬트 알로에,Del Monte Aloe,혼합음료,Mixed drinks,패트,pet,1500,대한민국,South Korea,not,
8801056022242,롯데칠성음료(주),"Lotte Chilsung Co., Ltd.",델몬트 매실,Del Monte Plum,주스,Juice,패트,pet,1500,대한민국,South Korea,not,
8801056237851,롯데칠성음료(주),"Lotte Chilsung Co., Ltd.",델몬트 팜앤홈 망고,Del Monte Farm & Home Mango,주스,Juice,패트,pet,1200,대한민국,South Korea,not,
8801056089061,롯데칠성음료(주),"Lotte Chilsung Co., Ltd.",델몬트 팜앤홈 망고,Del Monte Farm & Home Mango,주스,Juice,패트,pet,1200,대한민국,South Korea,not,
8801056098117,롯데칠성음료(주),"Lotte Chilsung Co., Ltd.",델몬트 팜앤홈 제주감귤,Del Monte Farm & Home Jeju Tangerines,주스,Juice,패트,pet,1200,대한민국,South Korea,not,
8801056064112,롯데칠성음료(주),"Lotte Chilsung Co., Ltd.",제주사랑 감귤사랑,"Jeju love, tangerine love",주스,Juice,패트,pet,1800,대한민국,South Korea,not,
8801861150062,(주)웅진식품,"Woongjin Foods Co., Ltd.",복숭아농장,peach farm,주스,Juice,패트,pet,1500,대한민국,South Korea,not,
8801861220604,(주)웅진식품,"Woongjin Foods Co., Ltd.",사과농장,apple farm,주스,Juice,패트,pet,1500,대한민국,South Korea,not,
8801382137900,(주)웅진식품,"Woongjin Foods Co., Ltd.",자연은 망고,nature is mango,주스,Juice,패트,pet,1500,대한민국,South Korea,not,
8801382130314,(주)웅진식품,"Woongjin Foods Co., Ltd.",자연은 토마토,nature is a tomato,주스,Juice,패트,pet,500,대한민국,South Korea,not,
8801382150190,(주)웅진식품,"Woongjin Foods Co., Ltd.",토마토농장,tomato farm,주스,Juice,패트,pet,1500,대한민국,South Korea,not,
8801861130118,(주)웅진식품,"Woongjin Foods Co., Ltd.",제주당근농장,Jeju Carrot Farm,주스,Juice,패트,pet,1500,대한민국,South Korea,not,
8801382149699,(주)웅진식품,"Woongjin Foods Co., Ltd.",초록매실,green plum,주스,Juice,패트,pet,1500,대한민국,South Korea,not,
8801382149286,(주)웅진식품,"Woongjin Foods Co., Ltd.",자연은 샤인머스캣,Nature is Shine Muscat,주스,Juice,패트,pet,1500,대한민국,South Korea,not,
8801382144236,(주)웅진식품,"Woongjin Foods Co., Ltd.",자연은 배,nature is a pear,주스,Juice,패트,pet,1500,대한민국,South Korea,not,
8801382146940,(주)웅진식품,"Woongjin Foods Co., Ltd.",정성담은 사과,A sincere apology,주스,Juice,패트,pet,1000,대한민국,South Korea,not,
8801105915068,해태htb(주),"Haitai Htb Co., Ltd.",갈아만든 배,ground pear,주스,Juice,패트,pet,1000,대한민국,South Korea,not,
8850389109229,"Sappe Public Co., Ltd., (주)위스트","Sappe Public Co., Ltd., Weast Co., Ltd.",모구모구 요거트맛,Mogumogu yogurt flavor,주스,Juice,패트,pet,320,태국,Thailand,not,Halal
8850389109236,"Sappe Public Co., Ltd., (주)위스트","Sappe Public Co., Ltd., Weast Co., Ltd.",모구모구 레몬맛,Mogumogu Lemon Flavor,주스,Juice,패트,pet,320,태국,Thailand,not,Halal
8850389106235,"Sappe Public Co., Ltd., (주)위스트","Sappe Public Co., Ltd., Weast Co., Ltd.",모구모구 포도맛,Mogu Mogu Grape Flavor,주스,Juice,패트,pet,320,태국,Thailand,not,Halal
8850389100691,"Sappe Public Co., Ltd., (주)위스트","Sappe Public Co., Ltd., Weast Co., Ltd.",모구모구 딸기맛,Mogumogu strawberry flavor,주스,Juice,패트,pet,320,태국,Thailand,not,Halal
8850389115237,"Sappe Public Co., Ltd., (주)위스트","Sappe Public Co., Ltd., Weast Co., Ltd.",모구모구 자몽맛,Mogumogu Grapefruit Flavor,주스,Juice,패트,pet,320,태국,Thailand,not,Halal
8850389106259,"Sappe Public Co., Ltd., (주)위스트","Sappe Public Co., Ltd., Weast Co., Ltd.",모구모구 파인애플맛,Mogumogu pineapple flavor,주스,Juice,패트,pet,320,태국,Thailand,not,Halal
8850389100769,"Sappe Public Co., Ltd., (주)위스트","Sappe Public Co., Ltd., Weast Co., Ltd.",모구모구 망고맛,Mogumogu mango flavor,주스,Juice,패트,pet,320,태국,Thailand,not,Halal
8850389105399,"Sappe Public Co., Ltd., (주)위스트","Sappe Public Co., Ltd., Weast Co., Ltd.",모구모구 사과맛,Mogu Mogu Apple Flavor,주스,Juice,패트,pet,320,태국,Thailand,not,Halal
88500389106211,"Sappe Public Co., Ltd., (주)위스트","Sappe Public Co., Ltd., Weast Co., Ltd.",모구모구 리치맛,Mogumogu lychee flavor,주스,Juice,패트,pet,320,태국,Thailand,not,Halal
8850389106280,"Sappe Public Co., Ltd., (주)위스트","Sappe Public Co., Ltd., Weast Co., Ltd.",모구모구 복숭아맛,Mogumogu peach flavor,주스,Juice,패트,pet,320,태국,Thailand,not,Halal
8850389116357,"Sappe Public Co., Ltd., (주)위스트","Sappe Public Co., Ltd., Weast Co., Ltd.",모구모구 복숭아맛,Mogumogu peach flavor,주스,Juice,패트,pet,1000,태국,Thailand,not,Halal
8809170543100,(주)테일러팜스,"Taylor Farms Co., Ltd.",테일러 푸룬주스,Taylor Prune Juice,주스,Juice,패트,pet,1890,대한민국,South Korea,not,
31200016300,"Ocean Spray Cranbarries Inc., (주)동서","Ocean Spray Cranbarries Inc., Dongsuh Co., Ltd.",오션스프레이 루비 레드 자몽 드링크,Ocean Spray Ruby Red Grapefruit Drink,주스,Juice,패트,pet,1890,미국,USA,country,
31200016294,"Ocean Spray Cranbarries Inc., (주)동서","Ocean Spray Cranbarries Inc., Dongsuh Co., Ltd.",오션스프레이 크랜베리 클래식,Ocean Spray Cranberry Classic,주스,Juice,패트,pet,1890,미국,USA,country,
8809396444250,"홈플러스(주), (주)자임 에프앤비","Homeplus Co., Ltd., JaimF&B Co., Ltd.",물 한방울 섞지 않은 ABC주스,ABC juice without adding a drop of water,주스,Juice,유리,glass,1000,대한민국,South Korea,not,
8809396444267,"홈플러스(주), (주)자임 에프앤비","Homeplus Co., Ltd., JaimF&B Co., Ltd.",물 한방울 섞지 않은 석류,Pomegranate without a drop of water,주스,Juice,유리,glass,1000,대한민국,South Korea,not,
8809396444281,"홈플러스(주), (주)자임 에프앤비","Homeplus Co., Ltd., JaimF&B Co., Ltd.",물 한방울 섞지 않은 사과앤당근,Apples and carrots without a drop of water,주스,Juice,유리,glass,1000,대한민국,South Korea,not,
8809396444274,"홈플러스(주), (주)자임 에프앤비","Homeplus Co., Ltd., JaimF&B Co., Ltd.",물 한방울 섞지 않은 블루베리앤포도,Blueberries and grapes without a drop of water,주스,Juice,유리,glass,1000,대한민국,South Korea,not,
8854761240111,"Chabaa Bangkok Co. Ltd., (주)나투라스","Chabaa Bangkok Co. Ltd., Natura's Co. Ltd.",차바 발렌시아오렌지주스,Chava Valencia Orange Juice,주스,Juice,종이팩,paper,1000,태국,Thailand,not,
8410261611112,J.Garcia Carrion(Jgc),J.Garcia Carrion(Jgc),DON SIMON MANZANA,DON SIMON MANZANA,주스,Juice,종이팩,paper,1000,스페인,Spain,not,
8410261611020,J.Garcia Carrion(Jgc),J.Garcia Carrion(Jgc),DON SIMON UVA MOSCATEL,DON SIMON UVA MOSCATEL,주스,Juice,종이팩,paper,1000,스페인,Spain,not,
8410261608112,J.Garcia Carrion(Jgc),J.Garcia Carrion(Jgc),DON SIMON ORANGE JUICE,DON SIMON ORANGE JUICE,주스,Juice,종이팩,paper,1000,스페인,Spain,not,
8851013791490,"Tipco F&B Co., Ltd.","Tipco F&B Co., Ltd.",팁코 쇼군 오렌지 주스,Tipco Shogun Orange Juice,주스,Juice,종이팩,paper,1000,태국,Thailand,not,Halal
8851013764494,"Tipco F&B Co., Ltd.","Tipco F&B Co., Ltd.",팁코 코코넛워터,Tipco Shogun Orange Juice,주스,Juice,종이팩,paper,1000,태국,Thailand,not,Halal
8850624230824,"Taveephol Product Co., Ltd.","Taveephol Product Co., Ltd.",쿠쿠루 리치맛,Cukuru Lychee Flavor,주스,Juice,패트,pet,280,태국,Thailand,not,
8850624230909,"Taveephol Product Co., Ltd.","Taveephol Product Co., Ltd.",쿠쿠루 복숭아맛,Cukuru Peach Flavor,주스,Juice,패트,pet,280,태국,Thailand,not,
8850624230787,"Taveephol Product Co., Ltd.","Taveephol Product Co., Ltd.",쿠쿠루 요거트맛,Cukuru yogurt flavor,주스,Juice,패트,pet,280,태국,Thailand,not,
8850534108534,"Royal Plus Public Co., Ltd.","Royal Plus Public Co., Ltd.",웰 바질시드 드링크 망고향,Well Basil Seed Drink Mango Flavor,주스,Juice,유리,glass,290,태국,Thailand,not,
8850534108527,"Royal Plus Public Co., Ltd.","Royal Plus Public Co., Ltd.",웰 바질시드 드링크 리치향,Well Basil Seed Drink Lychee Flavor,주스,Juice,유리,glass,290,태국,Thailand,not,
8859032700646,"Hc(Thailand) Co., Ltd.","Hc(Thailand) Co., Ltd.",미스터초이스 코코넛밀크 오리지널 위드 나타데코코,Mr. Choice Coconut Milk Original with Nata de Coco,주스,Juice,유리,glass,290,태국,Thailand,not,
8859032700639,"Hc(Thailand) Co., Ltd.","Hc(Thailand) Co., Ltd.",미스터초이스 코코넛밀크 바나나향 위드 나타데코코,Mr. Choice Coconut Milk Banana Flavor with Nata de Coco,주스,Juice,유리,glass,290,태국,Thailand,not,
8859032700622,"Hc(Thailand) Co., Ltd.","Hc(Thailand) Co., Ltd.",미스터초이스 코코넛워터 위드 펄프,Mr. Choice Coconut Water with Pulp,주스,Juice,유리,glass,290,태국,Thailand,not,
8801155740061,동원시스템즈(주),"Dongwon Systems Co., Ltd.",테이크 얼라이브 쿨,Take Alive Cool,주스,Juice,패트,pet,500,대한민국,South Korea,not,
8801382150183,(주)웅진식품,"Woongjin Foods Co., Ltd.",알로에농장,Aloe Farm,혼합음료,Mixed drinks,패트,pet,1500,대한민국,South Korea,not,
8801382147251,(주)웅진식품,"Woongjin Foods Co., Ltd.",가야 농장에서 온 알로에,Aloe from Gaya Farm,혼합음료,Mixed drinks,패트,pet,1000,대한민국,South Korea,not,
8801382150121,(주)웅진식품,"Woongjin Foods Co., Ltd.",가야농장에서온청포도,Green grapes from Gaya Farm,혼합음료,Mixed drinks,패트,pet,1000,대한민국,South Korea,not,
8801105908657,해태htb(주),"Haitai Htb Co., Ltd.",Sunkist 머스캣,Sunkist Muscat,혼합음료,Mixed drinks,패트,pet,1500,대한민국,South Korea,not,
8801105915082,해태htb(주),"Haitai Htb Co., Ltd.",코코팜 포도,Coco Palm Grapes,혼합음료,Mixed drinks,패트,pet,1000,대한민국,South Korea,not,
8801105914221,해태htb(주),"Haitai Htb Co., Ltd.",코코팜 피치 핑크 복숭아,Coco Palm Peach Pink Peach,혼합음료,Mixed drinks,패트,pet,1500,대한민국,South Korea,not,
8809041427065,오케이에프음료(주),"Okf Drink Co., Ltd.",알로에베라킹 제로,Aloe Vera King Zero,혼합음료,Mixed drinks,패트,pet,500,대한민국,South Korea,not,
8809041427140,오케이에프음료(주),"Okf Drink Co., Ltd.",알로에베라킹 제로,Aloe Vera King Zero,혼합음료,Mixed drinks,패트,pet,1500,대한민국,South Korea,not,
8801094412005,"한국코카콜라(유), 코카-콜라음료(주), (주)삼양패키징광혜원공장","Coca-Cola Korea Co., Ltd., Samyang Packaging Co., Ltd.",토레타!,Toretta!,혼합음료,Mixed drinks,패트,pet,500,대한민국,South Korea,company,
8801094412708,"한국코카콜라(유), 코카-콜라음료(주), 해태htb(주)","Coca-Cola Korea Co., Ltd., Haitai Htb Co., Ltd.",토레타!,Toretta!,혼합음료,Mixed drinks,패트,pet,900,대한민국,South Korea,company,
8801094412906,"한국코카콜라(유), 코카-콜라음료(주), 해태htb(주)","Coca-Cola Korea Co., Ltd., Haitai Htb Co., Ltd.",토레타!,Toretta!,혼합음료,Mixed drinks,패트,pet,1500,대한민국,South Korea,company,
8801094363208,"한국코카콜라(유), 코카-콜라음료(주), 해태htb(주)","Coca-Cola Korea Co., Ltd., Haitai Htb Co., Ltd.",파워에이드 마운틴블라스트,Powerade Mountain Blast,스포츠 음료,Sports drinks,캔,can,340,대한민국,South Korea,company,
8801094362706,"한국코카콜라(유), 코카-콜라음료(주), 해태htb(주)","Coca-Cola Korea Co., Ltd., Haitai Htb Co., Ltd.",파워에이드 마운틴블라스트,Powerade Mountain Blast,스포츠 음료,Sports drinks,패트,pet,600,대한민국,South Korea,company,
8801094362805,"한국코카콜라(유), 코카-콜라음료(주), 해태htb(주)","Coca-Cola Korea Co., Ltd., Haitai Htb Co., Ltd.",파워에이드 마운틴블라스트,Powerade Mountain Blast,스포츠 음료,Sports drinks,패트,pet,900,대한민국,South Korea,company,
8801094362409,"한국코카콜라(유), 코카-콜라음료(주), 해태htb(주)","Coca-Cola Korea Co., Ltd., Haitai Htb Co., Ltd.",파워에이드 마운틴블라스트,Powerade Mountain Blast,스포츠 음료,Sports drinks,패트,pet,1500,대한민국,South Korea,company,
8801094212728,"한국코카콜라(유), 코카-콜라음료(주), 해태htb(주)","Coca-Cola Korea Co., Ltd., Haitai Htb Co., Ltd.",파워에이드 제로,Powerade Zero,스포츠 음료,Sports drinks,패트,pet,600,대한민국,South Korea,company,
8801094212414,"한국코카콜라(유), 코카-콜라음료(주), 해태htb(주)","Coca-Cola Korea Co., Ltd., Haitai Htb Co., Ltd.",파워에이드 제로,Powerade Zero,스포츠 음료,Sports drinks,패트,pet,1500,대한민국,South Korea,company,
8801094742508,"한국코카콜라(유), 코카-콜라음료(주), 해태htb(주)","Coca-Cola Korea Co., Ltd., Haitai Htb Co., Ltd.",파워에이드 메가볼츠,Powerade Mega Bolts,스포츠 음료,Sports drinks,패트,pet,1500,대한민국,South Korea,company,
8801056052218,"롯데칠성음료(주),펩시코(주)","Lotte Chilsung Co., Ltd., PepsiCo Co., Ltd.",게토레이 블루볼트,Gatorade Blue Bolt,혼합음료,Mixed drinks,패트,pet,600,대한민국,South Korea,company,
8801056052188,"롯데칠성음료(주),펩시코(주)","Lotte Chilsung Co., Ltd., PepsiCo Co., Ltd.",게토레이 블루볼트,Gatorade Blue Bolt,혼합음료,Mixed drinks,패트,pet,1500,대한민국,South Korea,company,
8801056049201,"롯데칠성음료(주),펩시코(주)","Lotte Chilsung Co., Ltd., PepsiCo Co., Ltd.",게토레이 레몬 플라워,Gatorade Lemon Flower,혼합음료,Mixed drinks,패트,pet,600,대한민국,South Korea,company,
8801056839017,"롯데칠성음료(주),펩시코(주)","Lotte Chilsung Co., Ltd., PepsiCo Co., Ltd.",게토레이 레몬 플라워,Gatorade Lemon Flower,혼합음료,Mixed drinks,패트,pet,1500,대한민국,South Korea,company,
8801056235321,"롯데칠성음료(주),펩시코(주)","Lotte Chilsung Co., Ltd., PepsiCo Co., Ltd.",게토레이 퍼플 플래시,Gatorade Purple Flash,혼합음료,Mixed drinks,패트,pet,1500,대한민국,South Korea,company,
8801056002701,롯데칠성음료(주),"Lotte Chilsung Co., Ltd.",2% 부족할때 복숭아,Peach when 2% is lacking,비타민워터,Vitamin water,캔,can,240,대한민국,South Korea,not,
8801056002749,롯데칠성음료(주),"Lotte Chilsung Co., Ltd.",2% 부족할때 복숭아,Peach when 2% is lacking,비타민워터,Vitamin water,패트,pet,1500,대한민국,South Korea,not,
4897036691007,"한국코카콜라(유), 코카-콜라음료(주), 해태htb(주)","Coca-Cola Korea Co., Ltd., Haitai Htb Co., Ltd.",몬스터 에너지,monster energy,에너지음료,Energy drink,캔,can,355,대한민국,South Korea,company,
4897036693728,"한국코카콜라(유), 코카-콜라음료(주), 해태htb(주)","Coca-Cola Korea Co., Ltd., Haitai Htb Co., Ltd.",몬스터 에너지 제로 슈거,Monster Energy Zero Sugar,에너지음료,Energy drink,캔,can,355,대한민국,South Korea,company,
4897036691120,"한국코카콜라(유), 코카-콜라음료(주), 해태htb(주)","Coca-Cola Korea Co., Ltd., Haitai Htb Co., Ltd.",몬스터 에너지 울트라,monster energy ultra,에너지음료,Energy drink,캔,can,355,대한민국,South Korea,company,
4897036693339,"한국코카콜라(유), 코카-콜라음료(주), 해태htb(주)","Coca-Cola Korea Co., Ltd., Haitai Htb Co., Ltd.",몬스터 에너지 망고 로코,Monster Energy Mango Loco,에너지음료,Energy drink,캔,can,355,대한민국,South Korea,company,
4897036692424,"한국코카콜라(유), 코카-콜라음료(주), 해태htb(주)","Coca-Cola Korea Co., Ltd., Haitai Htb Co., Ltd.",몬스터 에너지 파이프라인펀치,Monster Energy Pipeline Punch,에너지음료,Energy drink,캔,can,355,대한민국,South Korea,company,
4897036692073,"한국코카콜라(유), 코카-콜라음료(주), 해태htb(주)","Coca-Cola Korea Co., Ltd., Haitai Htb Co., Ltd.",몬스터 에너지 울트라 시트라,Monster Energy Ultra Citra,에너지음료,Energy drink,캔,can,355,대한민국,South Korea,company,
4897036692721,"한국코카콜라(유), 코카-콜라음료(주), 해태htb(주)","Coca-Cola Korea Co., Ltd., Haitai Htb Co., Ltd.",몬스터 에너지 울트라 파라다이스,monster energy ultra paradise,에너지음료,Energy drink,캔,can,355,대한민국,South Korea,company,
8801056038861,롯데칠성음료(주),"Lotte Chilsung Co., Ltd.",핫식스,hot six,에너지음료,Energy drink,캔,can,250,대한민국,South Korea,not,
8801056234065,롯데칠성음료(주),"Lotte Chilsung Co., Ltd.",핫식스 제로,hot six zero,에너지음료,Energy drink,캔,can,250,대한민국,South Korea,not,
8801056171032,롯데칠성음료(주),"Lotte Chilsung Co., Ltd.",핫식스 더킹 포스,Hot Six Ducking Force,에너지음료,Energy drink,캔,can,355,대한민국,South Korea,not,
8801056234423,롯데칠성음료(주),"Lotte Chilsung Co., Ltd.",핫식스 더킹 크러쉬 피치,Hot Six Ducking Crush Peach,에너지음료,Energy drink,캔,can,355,대한민국,South Korea,not,
8801056098834,롯데칠성음료(주),"Lotte Chilsung Co., Ltd.",핫식스 더킹 파워,Hot Six Ducking Power,에너지음료,Energy drink,캔,can,355,대한민국,South Korea,not,
3068320024400,롯데칠성음료(주),"Lotte Chilsung Co., Ltd.",에비앙 천연광천수,Evian natural mineral water,먹는샘물,Drinking spring water,패트,pet,500,프랑스,France,country,
8803186200163,한국청정음료(주),Hankukcheongjeongeumryo Co. Ltd.,몽베스트,Montbest,먹는샘물,Drinking spring water,패트,pet,330,대한민국,South Korea,not,
8803186000121,한국청정음료(주),Hankukcheongjeongeumryo Co. Ltd.,몽베스트,Montbest,먹는샘물,Drinking spring water,패트,pet,330*6,대한민국,South Korea,not,
8801094342630,"한국코카콜라(유), 코카-콜라음료(주)","Coca-Cola Korea Co., Ltd.",태양의 원차 주전자차 옥수수,The sun's original tea kettle tea corn,액상차,Liquid tea,패트,pet,500,대한민국,South Korea,company,
8801056044503,롯데칠성음료(주),"Lotte Chilsung Co., Ltd.",립톤 아이스티 복숭아,Lipton Iced Tea Peach,액상차,Liquid tea,캔,can,355,대한민국,South Korea,not,
8801056051099,롯데칠성음료(주),"Lotte Chilsung Co., Ltd.",상쾌한 시작 아침헛개,A refreshing start in the morning,액상차,Liquid tea,패트,pet,500,대한민국,South Korea,not,
8801056227517,롯데칠성음료(주),"Lotte Chilsung Co., Ltd.",더하다 보리차 플러스,Add barley tea plus,액상차,Liquid tea,패트,pet,500,대한민국,South Korea,not,
8801056227371,롯데칠성음료(주),"Lotte Chilsung Co., Ltd.",더하다 옥수수수염차 플러스,Add Corn Silk Tea Plus,액상차,Liquid tea,패트,pet,500,대한민국,South Korea,not,
8801056227555,롯데칠성음료(주),"Lotte Chilsung Co., Ltd.",더하다 우엉차 플러스,Add Burdock Tea Plus,액상차,Liquid tea,패트,pet,500,대한민국,South Korea,not,
8801056076542,롯데칠성음료(주),"Lotte Chilsung Co., Ltd.",오늘의차 초가을 우엉차,Tea of the Day Early Autumn Burdock Tea,액상차,Liquid tea,패트,pet,500,대한민국,South Korea,not,
8801056176983,롯데칠성음료(주),"Lotte Chilsung Co., Ltd.",흑미 숭늉차 까늉,Black rice sungnyungcha kkanyeong,액상차,Liquid tea,패트,pet,500,대한민국,South Korea,not,
8801056297015,롯데칠성음료(주),"Lotte Chilsung Co., Ltd.",홍차의 꿈 실론티 레몬,Black Tea Dream Ceylon Tea Lemon,액상차,Liquid tea,캔,can,240,대한민국,South Korea,not,
8801056223069,"롯데칠성음료(주), 상일(주)","Lotte Chilsung Co., Ltd., Sangil Co., Ltd.",홍차의 꿈 실론티 레몬 제로,Dream of Black Tea Ceylon Tea Lemon Zero,액상차,Liquid tea,캔,can,240*6,대한민국,South Korea,not,
8801047284499,(주)동원F&B,"DongwonF&B Co., Ltd.",보성홍차 아이스티 제로 레몬차,Boseong Black Tea Iced Tea Zero Lemon Tea,액상차,Liquid tea,패트,pet,500,대한민국,South Korea,not,
8801047284482,(주)동원F&B,"DongwonF&B Co., Ltd.",보성홍차 아이스티 제로 복숭아차,Boseong Black Tea Iced Tea Zero Peach Tea,액상차,Liquid tea,패트,pet,500,대한민국,South Korea,not,
8809809700645,"(주)와우에프앤비, (주)웰그린","WowF&B Co., Ltd. Wellgreen co., Ltd.",레몬녹차 제로,Lemon Green Tea Zero,액상차,Liquid tea,패트,pet,500,대한민국,South Korea,not,
8806002022352,(주)광동제약,"Kwangdong Pharmaceutical Co., Ltd.",비앙떼 허니유자캐모마일,Viante Honey Citron Chamomile,액상차,Liquid tea,패트,pet,500,대한민국,South Korea,not,
8806002022369,(주)광동제약,"Kwangdong Pharmaceutical Co., Ltd.",비앙떼 허니자몽블랙티,Viante Honey Grapefruit Black Tea,액상차,Liquid tea,패트,pet,500,대한민국,South Korea,not,
8806002009094,"(주)광동제약, (주)삼양패키징광혜원공장","Kwangdong Pharmaceutical Co., Ltd., Samyang Packaging Co., Ltd.",진한 헛개차,Thick heutgae tea,액상차,Liquid tea,패트,pet,340,대한민국,South Korea,not,
8806002009391,"(주)광동제약, (주)삼양패키징광혜원공장","Kwangdong Pharmaceutical Co., Ltd., Samyang Packaging Co., Ltd.",진한 헛개차,Thick heutgae tea,액상차,Liquid tea,패트,pet,1500,대한민국,South Korea,not,
8801382124849,"(주)웅진식품, (주)삼양패키징광혜원공장","Kwangdong Pharmaceutical Co., Ltd., Samyang Packaging Co., Ltd.",하늘보리,sky barley,액상차,Liquid tea,패트,pet,500,대한민국,South Korea,not,
8801037094039,"동서식품(주), 동원시스템즈(주)","Dongsuh Foods Co., Ltd., Dongwon Systems Co., Ltd.",동서 보리차,Dongseo Barley Tea,액상차,Liquid tea,패트,pet,500,대한민국,South Korea,not,
8801037094046,"동서식품(주), 동원시스템즈(주)","Dongsuh Foods Co., Ltd., Dongwon Systems Co., Ltd.",동서 옥수수차,Dongseo Corn Tea,액상차,Liquid tea,패트,pet,500,대한민국,South Korea,not,
8806002005638,"(주)광동제약, (주)삼양패키징광혜원공장","Kwangdong Pharmaceutical Co., Ltd., Samyang Packaging Co., Ltd.",광동 V라인 옥수수 수염차,Guangdong V-line corn silk tea,액상차,Liquid tea,패트,pet,340,대한민국,South Korea,not,
8806002006437,"(주)광동제약, (주)삼양패키징광혜원공장","Kwangdong Pharmaceutical Co., Ltd., Samyang Packaging Co., Ltd.",광동 V라인 옥수수 수염차,Guangdong V-line corn silk tea,액상차,Liquid tea,패트,pet,500,대한민국,South Korea,not,
8806002005805,"(주)광동제약, (주)삼양패키징광혜원공장","Kwangdong Pharmaceutical Co., Ltd., Samyang Packaging Co., Ltd.",광동 V라인 옥수수 수염차,Guangdong V-line corn silk tea,액상차,Liquid tea,패트,pet,1500,대한민국,South Korea,not,
8801382149620,"(주)웅진식품, (주)삼양패키징광혜원공장","Woongjin Foods Co., Ltd., Samyang Packaging Co., Ltd.",맑게 우려낸 누룽지차,Clear brewed Nurungji tea,액상차,Liquid tea,패트,pet,1500,대한민국,South Korea,not,
8801382150084,"(주)웅진식품, 동원시스템즈(주)","Woongjin Foods Co., Ltd., Dongwon Systems Co., Ltd.",웅진 헛개차,Woongjin Heotgaecha,액상차,Liquid tea,패트,pet,1500,대한민국,South Korea,not,
8801382150060,"(주)웅진식품, (주)삼양패키징광혜원공장","Woongjin Foods Co., Ltd., Samyang Packaging Co., Ltd.",웅진 옥수수수염차,Woongjin Corn Silk Tea,액상차,Liquid tea,패트,pet,1500,대한민국,South Korea,not,
8801382149637,"(주)웅진식품, (주)삼양패키징광혜원공장","Woongjin Foods Co., Ltd., Samyang Packaging Co., Ltd.",웅진 하늘보리 500ml,Woongjin Sky Barley 500ml,액상차,Liquid tea,패트,pet,1350,대한민국,South Korea,not,
8801382150053,"(주)광동제약, (주)삼양패키징광혜원공장","Kwangdong Pharmaceutical Co., Ltd., Samyang Packaging Co., Ltd.",웅진 광명찾은 결명자차,Woongjin Gwangmyeong Found Gyeongmyeongjacha,액상차,Liquid tea,패트,pet,1350,대한민국,South Korea,not,
8801069174037,"남양유업주식회사, (주)삼양패키징광혜원공장","Namyang, Samyang Packaging Co., Ltd.",몸이 가벼워지는 시간 17차,17th time your body becomes lighter,액상차,Liquid tea,패트,pet,1500,대한민국,South Korea,not,
8801047284154,"남양유업주식회사, (주)삼양패키징광혜원공장","Namyang, Samyang Packaging Co., Ltd.",동원 보성녹차,Dongwon Boseong Green Tea,액상차,Liquid tea,패트,pet,1500,대한민국,South Korea,not,
8801001238056,"하이트진로음료(주), (주)삼양패키징광혜원공장","Hite Jinro Co., Ltd., Samyang Packaging Co., Ltd.",하이트진로 블랙보리차,Hite Jinro Black Barley Tea,액상차,Liquid tea,패트,pet,1500,대한민국,South Korea,not,
8801097481015,(주)동아오츠카,"Donga Otsuka Co., Ltd.",동아오츠카 데자와 로얄밀크티 홍차음료,Donga Otsuka Dejawa Royal Milk Tea Black Tea Drink,액상차,Liquid tea,캔,can,240,대한민국,South Korea,not,
8801097481206,(주)동아오츠카,"Donga Otsuka Co., Ltd.",동아오츠카 데자와 로얄밀크티 홍차음료,Donga Otsuka Dejawa Royal Milk Tea Black Tea Drink,액상차,Liquid tea,패트,pet,500,대한민국,South Korea,not,
8801097481060,(주)동아오츠카,"Donga Otsuka Co., Ltd.",동아오츠카 데자와 로얄밀크티 홍차음료,Donga Otsuka Dejawa Royal Milk Tea Black Tea Drink,액상차,Liquid tea,캔,can,240*6,대한민국,South Korea,not,
8801105908787,"한국코카콜라(유), 코카-콜라음료(주)","Coca-Cola Korea Co., Ltd.",코코팜 화이트 요구르트,Coco Palm White Yogurt,혼합음료,Mixed drinks,캔,can,240,대한민국,South Korea,company,
8801105916515,"한국코카콜라(유), 코카-콜라음료(주)","Coca-Cola Korea Co., Ltd.",커졌다! 코코팜 포도,It got bigger! Coco Palm Grapes,혼합음료,Mixed drinks,패트,pet,300,대한민국,South Korea,company,
8801105916492,"한국코카콜라(유), 코카-콜라음료(주)","Coca-Cola Korea Co., Ltd.",커졌다! 코코팜 망고코넛,It got bigger! Coco Farm Mango Coconut,혼합음료,Mixed drinks,패트,pet,300,대한민국,South Korea,company,
8801056831066,롯데칠성음료(주),"Lotte Chilsung Co., Ltd.",솔의눈,Sol's eyes,혼합음료,Mixed drinks,캔,can,240*6,대한민국,South Korea,not,
8801382149668,(주)웅진식품,"Woongjin Foods Co., Ltd.",아침햇살,morning sunlight,혼합음료,Mixed drinks,패트,pet,1500,대한민국,South Korea,not,
8801382124528,(주)웅진식품,"Woongjin Foods Co., Ltd.",아침햇살,morning sunlight,혼합음료,Mixed drinks,패트,pet,500,대한민국,South Korea,not,
8809390650732,"(주)위스트, (주)맛있는건강","Weast Co., Ltd., Purenlife Co., Ltd.",바이오티 마시는 프리바이오틱스 애플소다,Biotea Drinking Prebiotics Apple Soda,혼합음료,Mixed drinks,패트,pet,350,대한민국,South Korea,not,
8809390650626,"(주)위스트, (주)맛있는건강","Weast Co., Ltd., Purenlife Co., Ltd.",바이오티 마시는 프리바이오틱스 피치핑크,Biotea Drinking Prebiotics Peach Pink,혼합음료,Mixed drinks,패트,pet,350,대한민국,South Korea,not,
8801047291251,(주)동원F&B,"DongwonF&B Co., Ltd.",양반 배수정과,nobleman Bae Su-jeong and,혼합음료,Mixed drinks,패트,pet,500,대한민국,South Korea,not,
8801047291220,(주)동원F&B,"DongwonF&B Co., Ltd.",양반 배식혜,Nobleman Bae Sik-hye,혼합음료,Mixed drinks,패트,pet,500,대한민국,South Korea,not,
8801176679173,"대한제분(주), 세준푸드 농업회사법인(주)","Daehan Flour Milling Co., Ltd., Sejun Food Co., Ltd.",곰표 밀식혜,Gompyo wheat sikhye,혼합음료,Mixed drinks,패트,pet,1800,대한민국,South Korea,not,
8809695254338,(주)팔도,"Paldo Co., Ltd.",비락 식혜,Birak sikhye,혼합음료,Mixed drinks,패트,pet,1500,대한민국,South Korea,not,
8801128945745,(주)팔도,"Paldo Co., Ltd.",비락 식혜,Birak sikhye,혼합음료,Mixed drinks,패트,pet,500,대한민국,South Korea,not,
8801128920209,(주)팔도,"Paldo Co., Ltd.",비락 식혜,Birak sikhye,혼합음료,Mixed drinks,캔,can,238*6,대한민국,South Korea,not,
8801382150220,"(주)웅진식품, (주)삼양패키징광혜원공장","Woongjin Foods Co., Ltd., Samyang Packaging Co., Ltd.",자연은 더말린 제로 자몽,Nature is dried zero grapefruit,혼합음료,Mixed drinks,패트,pet,500,대한민국,South Korea,not,
8801382150244,"(주)웅진식품, (주)삼양패키징광혜원공장","Woongjin Foods Co., Ltd., Samyang Packaging Co., Ltd.",자연은 더말린 제로 애플망고,Nature is Derdried Zero Apple Mango,혼합음료,Mixed drinks,패트,pet,500,대한민국,South Korea,not,
8801382150206,"(주)웅진식품, (주)삼양패키징광혜원공장","Woongjin Foods Co., Ltd., Samyang Packaging Co., Ltd.",자연은 더말린 제로 복숭아,Nature is The Dried Zero Peach,혼합음료,Mixed drinks,패트,pet,500,대한민국,South Korea,not,
8801382150282,"(주)웅진식품, (주)삼양패키징광혜원공장","Woongjin Foods Co., Ltd., Samyang Packaging Co., Ltd.",티즐 제로 피치얼그레이,Tizzle Zero Peachy Gray,혼합음료,Mixed drinks,패트,pet,500,대한민국,South Korea,not,
8801382148524,"(주)웅진식품, (주)삼양패키징광혜원공장","Woongjin Foods Co., Ltd., Samyang Packaging Co., Ltd.",티즐 제로 유자그린티,Teazzle Zero Yuzu Green Tea,혼합음료,Mixed drinks,패트,pet,500,대한민국,South Korea,not,
8809041427140,오케이에프음료(주),"Okf Drink Co., Ltd.",오케이에프 알로에베라킹 제로,OKF Aloe Vera King Zero,혼합음료,Mixed drinks,패트,pet,1500,대한민국,South Korea,not,
8801037066715,동서식품(주),"Dongsuh Foods Co., Ltd.",스타벅스 시그니처 초콜릿 드링크,Starbucks Signature Chocolate Drink,혼합음료,Mixed drinks,btc,can,275,대한민국,South Korea,name,
8806002002088,"광동제약(주), (주)대웅생명과학","Kwangdong Pharmaceutical Co., Ltd., Daewoong Co., Ltd.",비타500 치어팩,Vita500 Cheer Pack,혼합음료,Mixed drinks,폴리에틸렌,plastic,250,대한민국,South Korea,not,
8801117353308,"(주)오리온, (주)삼양패키징광혜원공장","Orion Co., Ltd., Samyang Packaging Co., Ltd.",닥터유 드링크 단백질 바나나맛,Dr. You Drink Protein Banana Flavor,혼합음료,Mixed drinks,패트,pet,240,대한민국,South Korea,not,
8806004000587,"현대약품(주), 튤립인터내셔널(주)","Hyundai Pharm Co., Ltd., Tulip International Inc.",비에로화이바 SPARKLING ZERO,Viero Fiber SPARKLING ZERO,탄산음료,Mixed drinks,패트,pet,350,대한민국,South Korea,product_name,
8806004407133,"현대약품(주), 동원시스템즈(주), (주)삼양패키징광혜원공장","Hyundai Pharm Co., Ltd., Dongwon Systems Co., Ltd., Samyang Packaging Co., Ltd.",미에로 화이바,Miero fiber,혼합음료,Mixed drinks,패트,pet,350,대한민국,South Korea,not,
8806004000556,"현대약품(주), 동원시스템즈(주), (주)삼양패키징광혜원공장","Hyundai Pharm Co., Ltd., Dongwon Systems Co., Ltd., Samyang Packaging Co., Ltd.",미에로 화이바,Miero fiber,혼합음료,Mixed drinks,패트,pet,1200,대한민국,South Korea,not,
8801047290407,"(주)동원F&B, 동원시스템즈(주)","DongwonF&B Co., Ltd., Dongwon Systems Co., Ltd.",투명이온,transparent ion,혼합음료,Mixed drinks,패트,pet,500,대한민국,South Korea,not,
8801097150096,(주)동아오츠카,"Donga Otsuka Co., Ltd.",포카리,Pocari,혼합음료,Mixed drinks,캔,can,340,대한민국,South Korea,not,
8801097250413,(주)동아오츠카,"Donga Otsuka Co., Ltd.",포카리,Pocari,혼합음료,Mixed drinks,패트,pet,340,대한민국,South Korea,not,
8801097250048,(주)동아오츠카,"Donga Otsuka Co., Ltd.",포카리,Pocari,혼합음료,Mixed drinks,패트,pet,500,대한민국,South Korea,not,
8801097150034,(주)동아오츠카,"Donga Otsuka Co., Ltd.",포카리,Pocari,혼합음료,Mixed drinks,패트,pet,1500,대한민국,South Korea,not,
8801043068604,"(주)농심, (주)삼양패키징광혜원공장","Nongshim Co., Ltd., Samyang Packaging Co., Ltd.",데이플러스 콜라겐,Day Plus Collagen,혼합음료,Mixed drinks,패트,pet,500,대한민국,South Korea,not,
8801043068574,"(주)농심, (주)삼양패키징광혜원공장","Nongshim Co., Ltd., Samyang Packaging Co., Ltd.",데이플러스 프로틴,Day Plus Protein,혼합음료,Mixed drinks,패트,pet,500,대한민국,South Korea,not,
4005906405139,"(주)농심, Adelholzener Alpenquellen Gmbh","Nongshim Co., Ltd., Adelholzener Alpenquellen Gmbh",파워오투 복숭아자몽향,Power O2 Peach Grapefruit Fragrance,혼합음료,Mixed drinks,패트,pet,500,독일,Germany,country,
4005906404811,"(주)농심, Adelholzener Alpenquellen Gmbh","Nongshim Co., Ltd., Adelholzener Alpenquellen Gmbh",파워오투 애플키위향,Power O2 Apple Kiwi Flavor,혼합음료,Mixed drinks,패트,pet,500,독일,Germany,country,
4005906405009,"(주)농심, Adelholzener Alpenquellen Gmbh","Nongshim Co., Ltd., Adelholzener Alpenquellen Gmbh",파워오투 아이스베리향,Power O2 Iceberry Flavor,혼합음료,Mixed drinks,패트,pet,500,독일,Germany,country,
4005906404835,"(주)농심, Adelholzener Alpenquellen Gmbh","Nongshim Co., Ltd., Adelholzener Alpenquellen Gmbh",파워오투 오렌지레몬향,Power O2 Orange Lemon Flavor,혼합음료,Mixed drinks,패트,pet,500,독일,Germany,country,
9002490100070,"RED BULL ASIA FZE, RAUCH FRUCHTSAFTE GmbH&CO OG","Red Bull Asia Fze, Rauch Fruchtsafte GmbH&Co., Og.",레드불,red bull,에너지드링크,Energy drink,캔,can,250,오스트리아,Austria,not,
9002490254834,"Red Bull Asia Fze, Rauch Fruchtsafte GmbH&Co., Og.","Red Bull Asia Fze, Rauch Fruchtsafte Gmbh&Co., Og.",레드불 슈가프리,Red Bull Sugar Free,에너지드링크,Energy drink,캔,can,250,오스트리아,Austria,not,
9002490261870,"Red Bull Asia Fze, Rauch Fruchtsafte GmbH&Co., Og.","Red Bull Asia Fze, Rauch Fruchtsafte Gmbh&Co., Og.",레드불 더 레드 에디션,Red Bull The Red Edition,에너지드링크,Energy drink,캔,can,250,오스트리아,Austria,not,
8801094547103,"한국코카콜라(유), 코카-콜라음료(주), 오케이에프음료(주)","Coca-Cola Korea Co., Ltd., Okf Drink Co., Ltd.",조지아 고티카 빈티지 블랙,Georgia Gothica Vintage Black,액상커피,Liquid coffee,btc,can,270,대한민국,South Korea,company,
8801094577100,"한국코카콜라(유), 코카-콜라음료(주), 오케이에프음료(주)","Coca-Cola Korea Co., Ltd., Okf Drink Co., Ltd.",조지아 고티카 빈티지 라떼,Georgia Gotica Vintage Latte,액상커피,Liquid coffee,btc,can,270,대한민국,South Korea,company,
8801094589103,"한국코카콜라(유), 코카-콜라음료(주), 오케이에프음료(주)","Coca-Cola Korea Co., Ltd., Okf Drink Co., Ltd.",조지아 고티카 빈티지 스위트 아메리카노,Georgia Gotica Vintage Sweet Americano,액상커피,Liquid coffee,btc,can,270,대한민국,South Korea,company,
8801094562106,"한국코카콜라(유), 코카-콜라음료(주)","Coca-Cola Korea Co., Ltd.",조지아 고티카 콜드브루 아메리카노,Georgia Gotica Cold Brew Americano,액상커피,Liquid coffee,btc,can,265,대한민국,South Korea,company,
8801094582203,"한국코카콜라(유), 코카-콜라음료(주)","Coca-Cola Korea Co., Ltd.",조지아 고티카 콜드브루 카페라떼,Georgia Gotica Cold Brew Café Latte,액상커피,Liquid coffee,btc,can,265,대한민국,South Korea,company,
8801094502669,"한국코카콜라(유), 코카-콜라음료(주)","Coca-Cola Korea Co., Ltd.",조지아 크래프트 블랙,Georgia Kraft Black,액상커피,Liquid coffee,패트,pet,470,대한민국,South Korea,company,
8801094512668,"한국코카콜라(유), 코카-콜라음료(주)","Coca-Cola Korea Co., Ltd.",조지아 크래프트 라떼,Georgia Craft Latte,액상커피,Liquid coffee,패트,pet,470,대한민국,South Korea,company,
8801094512613,"한국코카콜라(유), 코카-콜라음료(주)","Coca-Cola Korea Co., Ltd.",조지아 크래프트 저칼로리 라떼,Georgia Craft Low Calorie Latte,액상커피,Liquid coffee,패트,pet,470,대한민국,South Korea,company,
8801094432614,"한국코카콜라(유), 코카-콜라음료(주)","Coca-Cola Korea Co., Ltd.",조지아 크래프트 디카페인 블랙,Georgia Craft Decaffeinated Black,액상커피,Liquid coffee,패트,pet,470,대한민국,South Korea,company,
8801094542603,"한국코카콜라(유), 코카-콜라음료(주)","Coca-Cola Korea Co., Ltd.",조지아 크래프트 스위트 블랙,Georgia Craft Sweet Black,액상커피,Liquid coffee,패트,pet,470,대한민국,South Korea,company,
8801094582708,"한국코카콜라(유), 코카-콜라음료(주), (주)삼양패키징광혜원공장","Coca-Cola Korea CO LTD, Samyang Packaging Co., Ltd.",조지아 헤이즐넛향 아메리카노,Georgia Hazelnut Flavored Americano,액상커피,Liquid coffee,패트,pet,900,대한민국,South Korea,company,
8801094503703,"한국코카콜라(유), 코카-콜라음료(주), (주)삼양패키징광혜원공장","Coca-Cola Korea CO LTD, Samyang Packaging Co., Ltd.",조지아 헤이즐넛향 오리지널,Georgia Hazelnut Flavor Original,액상커피,Liquid coffee,패트,pet,900,대한민국,South Korea,company,
8801094567705,"한국코카콜라(유), 코카-콜라음료(주), (주)삼양패키징광혜원공장","Coca-Cola Korea CO LTD, Samyang Packaging Co., Ltd.",조지아 헤이즐넛향 오리지널,Georgia Hazelnut Flavor Original,액상커피,Liquid coffee,패트,pet,900,대한민국,South Korea,company,
8801094503031,"한국코카콜라(유), 코카-콜라음료(주), 오케이에프음료(주)","Coca-Cola Korea Co., Ltd., Okf Drink Co., Ltd.",조지아 오리지널,georgia original,액상커피,Liquid coffee,캔,can,240*6,대한민국,South Korea,company,
8801094513030,"한국코카콜라(유), 코카-콜라음료(주), 오케이에프음료(주)","Coca-Cola Korea Co., Ltd., Okf Drink Co., Ltd.",조지아 카페라떼,Georgia Cafe Latte,액상커피,Liquid coffee,캔,can,240*6,대한민국,South Korea,company,
8801056177294,롯데칠성음료(주),"Lotte Chilsung Co., Ltd.",칸타타 콘트라베이스,cantata double bass,액상커피,Liquid coffee,패트,pet,500,대한민국,South Korea,not,
8801056083557,롯데칠성음료(주),"Lotte Chilsung Co., Ltd.",칸타타 아이스 파우치 스위트 아메리카노,Cantata Ice Pouch Sweet Americano,액상커피,Liquid coffee,파우치,pouch,230,대한민국,South Korea,not,
8801056083564,롯데칠성음료(주),"Lotte Chilsung Co., Ltd.",칸타타 아이스 파우치 (Iced Pouch) 블랙커피,Cantata Iced Pouch Black Coffee,액상커피,Liquid coffee,파우치,pouch,230,대한민국,South Korea,not,
8801056228149,롯데칠성음료(주),"Lotte Chilsung Co., Ltd.",칸타타 아이스 파우치 바닐라향 아메리카노,Cantata Ice Pouch Vanilla Flavored Americano,액상커피,Liquid coffee,파우치,pouch,230,대한민국,South Korea,not,
8801056083574,롯데칠성음료(주),"Lotte Chilsung Co., Ltd.",칸타타 아이스 파우치 헤이즐넛향,Cantata Ice Pouch Hazelnut Flavor,액상커피,Liquid coffee,파우치,pouch,230,대한민국,South Korea,not,
8801056083588,롯데칠성음료(주),"Lotte Chilsung Co., Ltd.",칸타타 아이스 파우치 카라멜 마키아토,Cantata Ice Pouch Caramel Macchiato,액상커피,Liquid coffee,파우치,pouch,230,대한민국,South Korea,not,
8801056290016,롯데칠성음료(주),"Lotte Chilsung Co., Ltd.",레쓰비 마일드,Let’s Be Mild,액상커피,Liquid coffee,캔,can,175,대한민국,South Korea,not,
8801056174149,롯데칠성음료(주),"Lotte Chilsung Co., Ltd.",레쓰비 그란데 헤이즐넛향,Let’s Be Grande Hazelnut Flavor,액상커피,Liquid coffee,패트,pet,500,대한민국,South Korea,not,
8801056228071,롯데칠성음료(주),"Lotte Chilsung Co., Ltd.",레쓰비 그란데 바닐라 블랙,Let's Be Grande Vanilla Black,액상커피,Liquid coffee,패트,pet,500,대한민국,South Korea,not,
8801037077698,동서식품(주),"Dongsuh Foods Co., Ltd.",스타벅스 프라푸치노 돌체,Starbucks Frappuccino Dolce,액상커피,Liquid coffee,유리,glass,281,대한민국,South Korea,product_name,
8801037008630,동서식품(주),"Dongsuh Foods Co., Ltd.",스타벅스 프라푸치노 헤이즐넛향,Starbucks Frappuccino Hazelnut Flavor,액상커피,Liquid coffee,유리,glass,281,대한민국,South Korea,product_name,
8801037086195,동서식품(주),"Dongsuh Foods Co., Ltd.",스타벅스 프라푸치노 모카,Starbucks Frappuccino Mocha,액상커피,Liquid coffee,유리,glass,281,대한민국,South Korea,product_name,
8801037086188,동서식품(주),"Dongsuh Foods Co., Ltd.",스타벅스 프라푸치노 커피,Starbucks Frappuccino Coffee,액상커피,Liquid coffee,유리,glass,281,대한민국,South Korea,product_name,
8801037003536,동서식품(주),"Dongsuh Foods Co., Ltd.",스타벅스 더블샷 바닐라,Starbucks Double Shot Vanilla,액상커피,Liquid coffee,btc,can,275,대한민국,South Korea,product_name,
8801037055726,동서식품(주),"Dongsuh Foods Co., Ltd.",스타벅스 더블샷 에스프레소앤크림,Starbucks Double Shot Espresso & Cream,액상커피,Liquid coffee,btc,can,275,대한민국,South Korea,product_name,
8801037070545,동서식품(주),"Dongsuh Foods Co., Ltd.",스타벅스 파이크 플레이스 로스트 스위트블랙커피,Starbucks Pike Place Roast Sweet Black Coffee,액상커피,Liquid coffee,btc,can,275,대한민국,South Korea,product_name,
8801037074352,동서식품(주),"Dongsuh Foods Co., Ltd.",스타벅스 파이크 플레이스 로스트 블랙,Starbucks Pike Place Roast Black,액상커피,Liquid coffee,btc,can,200*4,대한민국,South Korea,product_name,
8801037035568,동서식품(주),"Dongsuh Foods Co., Ltd.",스타벅스 더블샷 에스프레소앤크림,Starbucks Double Shot Espresso & Cream,액상커피,Liquid coffee,btc,can,200*4,대한민국,South Korea,product_name,
8801037094916,"동서식품(주), 동원시스템즈(주), (주)삼양패키징광혜원공장","Dongsuh Foods Co., Ltd., Dongwon Systems Co., Ltd., Samyang Packaging Co., Ltd.",맥스웰하우스 마스터 바닐라블랙,Maxwell House Master Vanilla Black,액상커피,Liquid coffee,패트,pet,500,대한민국,South Korea,not,
8801037096446,"동서식품(주), 동원시스템즈(주), (주)삼양패키징광혜원공장","Dongsuh Foods Co., Ltd., Dongwon Systems Co., Ltd., Samyang Packaging Co., Ltd.",맥스웰하우스 마스터 헤이즐넛블랙,Maxwell House Master Hazelnut Black,액상커피,Liquid coffee,패트,pet,500,대한민국,South Korea,not,
8801037094305,"동서식품(주), 동원시스템즈(주), (주)삼양패키징광혜원공장","Dongsuh Foods Co., Ltd., Dongwon Systems Co., Ltd., Samyang Packaging Co., Ltd.",맥스웰하우스 마스터 스위트 블랙,Maxwell House Master Sweet Black,액상커피,Liquid coffee,패트,pet,500,대한민국,South Korea,not,
8801037093742,"동서식품(주), 동원시스템즈(주), (주)삼양패키징광혜원공장","Dongsuh Foods Co., Ltd., Dongwon Systems Co., Ltd., Samyang Packaging Co., Ltd.",맥스웰하우스 마스터 블랙,Maxwell House Master Black,액상커피,Liquid coffee,패트,pet,500,대한민국,South Korea,not,
8801037093766,"동서식품(주), 동원시스템즈(주), (주)삼양패키징광혜원공장","Dongsuh Foods Co., Ltd., Dongwon Systems Co., Ltd., Samyang Packaging Co., Ltd.",맥스웰하우스 마스터 라떼,Maxwell House Master Latte,액상커피,Liquid coffee,패트,pet,500,대한민국,South Korea,not,
8801037006162,동서식품(주),"Dongsuh Foods Co., Ltd.",맥심 티오피 미디엄 로스트 로우슈거블랙,Maxim TOP Medium Roast Raw Sugar Black,액상커피,Liquid coffee,btc,can,275,대한민국,South Korea,not,
8801037001730,동서식품(주),"Dongsuh Foods Co., Ltd.",맥심 티오피 스모키 블랙,Maxim T.O.P Smokey Black,액상커피,Liquid coffee,btc,can,275,대한민국,South Korea,not,
8801037006193,동서식품(주),"Dongsuh Foods Co., Ltd.",맥심 티오피 미디엄로스트 돌체라떼,Maxim TOP Medium Roast Dolce Latte,액상커피,Liquid coffee,btc,can,275,대한민국,South Korea,not,
8801037001716,동서식품(주),"Dongsuh Foods Co., Ltd.",맥심 티오피 스모키 라떼,Maxim T.O.P Smokey Latte,액상커피,Liquid coffee,btc,can,275,대한민국,South Korea,not,
8801037087543,동서식품(주),"Dongsuh Foods Co., Ltd.",맥심 티오피 마스터 라떼,Maxim TOP Master Latte,액상커피,Liquid coffee,btc,can,275,대한민국,South Korea,not,
8801037064346,동서식품(주),"Dongsuh Foods Co., Ltd.",맥심 티오피 마스터 라떼,Maxim TOP Master Latte,액상커피,Liquid coffee,btc,can,380,대한민국,South Korea,not,
8801037087550,동서식품(주),"Dongsuh Foods Co., Ltd.",맥심 티오피 스위트 아메리카노,Maxim TOP Sweet Americano,액상커피,Liquid coffee,btc,can,275,대한민국,South Korea,not,
8801037057843,동서식품(주),"Dongsuh Foods Co., Ltd.",맥심 티오피 스위트 아메리카노,Maxim TOP Sweet Americano,액상커피,Liquid coffee,btc,can,380,대한민국,South Korea,not,
8801037087741,동서식품(주),"Dongsuh Foods Co., Ltd.",맥심 티오피 더 블랙,Maxim TOP The Black,액상커피,Liquid coffee,btc,can,275,대한민국,South Korea,not,
8801037057867,동서식품(주),"Dongsuh Foods Co., Ltd.",맥심 티오피 더 블랙,Maxim TOP The Black,액상커피,Liquid coffee,btc,can,380,대한민국,South Korea,not,
8801037092240,"동서식품(주), (주)삼양패키징광혜원공장","Dongsuh Foods Co., Ltd., Samyang Packaging Co., Ltd.",맥심 티오피 심플리 스무스 라떼,Maxim TOP Simply Smooth Latte,액상커피,Liquid coffee,패트,pet,240,대한민국,South Korea,not,
8801037092257,"동서식품(주), (주)삼양패키징광혜원공장","Dongsuh Foods Co., Ltd., Samyang Packaging Co., Ltd.",맥심 티오피 심플리 스무스 스위트 아메리카노,Maxim TOP Simply Smooth Sweet Americano,액상커피,Liquid coffee,패트,pet,240,대한민국,South Korea,not,
8801037092264,"동서식품(주), (주)삼양패키징광혜원공장","Dongsuh Foods Co., Ltd., Samyang Packaging Co., Ltd.",맥심 티오피 심플리 스무스 블랙,Maxim TOP Simply Smooth Black,액상커피,Liquid coffee,패트,pet,240,대한민국,South Korea,not,
8801069410807,"남양유업주식회사, (주)삼양패키징광혜원공장","Namyang Co., Ltd., Samyang Packaging Co., Ltd.",남양유업 프렌치카페 로스터리 킬링샷 라떼,Namyang Dairy Products French Cafe Roastery Killing Shot Latte,액상커피,Liquid coffee,패트,pet,470,대한민국,South Korea,not,
8801069410791,"남양유업주식회사, (주)삼양패키징광혜원공장","Namyang Co., Ltd., Samyang Packaging Co., Ltd.",남양유업 프렌치카페 로스터리 킬링샷 아메리카노,Namyang Dairy Products French Cafe Roastery Killing Shot Americano,액상커피,Liquid coffee,패트,pet,470,대한민국,South Korea,not,
8801069417684,"남양유업주식회사, (주)삼양패키징광혜원공장","Namyang Co., Ltd., Samyang Packaging Co., Ltd.",남양유업 프렌치카페 로스터리 에스프레소 카페라떼,Namyang Dairy Products French Cafe Roastery Espresso Cafe Latte,액상커피,Liquid coffee,종이팩,paper,200*4,대한민국,South Korea,not,
8809809700928,"(주)웰그린, (주)도투락","Wellgreen co., Ltd., Doturak Co., Ltd.",카페스위츠 아메리카노 헤이즐넛향 제로 칼로리,Cafe Sweets Americano Hazelnut Flavor Zero Calories,액상커피,Liquid coffee,플라스틱,plastic,1500,대한민국,South Korea,not,
8809809700911,"(주)웰그린, (주)도투락","Wellgreen co., Ltd., Doturak Co., Ltd.",카페스위츠 아메리카노 스위트 제로 칼로리,Cafe Sweets Americano Sweet Zero Calories,액상커피,Liquid coffee,플라스틱,plastic,1500,대한민국,South Korea,not,
8809809700904,"(주)웰그린, (주)도투락","Wellgreen co., Ltd., Doturak Co., Ltd.",카페스위츠 복숭아 아이스티 제로 칼로리,Cafe Sweets Peach Iced Tea Zero Calories,액상차,Liquid tea,플라스틱,plastic,1500,대한민국,South Korea,not,
7291234567890,"(주)웰그린, (주)도투락","Wellgreen co., Ltd., Doturak Co., Ltd.",카페스위츠 복숭아 아이스티 제로 칼로리,Cafe Sweets Peach Iced Tea Zero Calories,액상차,Liquid tea,플라스틱,plastic,1500,대한민국,South Korea,not,